{
	"format_version": "1.17.10",
	"minecraft:item": {
		"description": {
			"identifier": "net:steel_drill",
			"category": "equipment"
		},
		"components": {
			"minecraft:max_stack_size": 1,
			"minecraft:hand_equipped": true,
			"minecraft:mining_speed": 1,
			"minecraft:damage": 4,
			"minecraft:digger": {
				"use_efficiency": true,
				"destroy_speeds": [
					{
						"block": {
							"tags": "query.any_tag('tele_pads')"
						},
						"speed": 41.7,
						"on_dig": {
							"event": "hurt"
						}
					},
					{
						"block": {
							"tags": "query.any_tag('landing_pads')"
						},
						"speed": 50,
						"on_dig": {
							"event": "hurt"
						}
					},
					{
						"block": "net:deepslate_trithorium_ore",
						"speed": 40,
						"on_dig": {
							"event": "hurt"
						}
					},
					{
						"block": {
							"tags": "query.any_tag('stone', 'metal', 'iron_pick_diggable')"
						},
						"speed": 6,
						"on_dig": {
							"event": "hurt"
						}
					},
					{
						"block": "minecraft:ice",
						"speed": 6,
						"on_dig": {
							"event": "hurt"
						}
					},
					{
						"block": "minecraft:sandstone",
						"speed": 6,
						"on_dig": {
							"event": "hurt"
						}
					},
					{
						"block": "minecraft:furnace",
						"speed": 6,
						"on_dig": {
							"event": "hurt"
						}
					},
					{
						"block": "minecraft:cobblestone",
						"speed": 6,
						"on_dig": {
							"event": "hurt"
						}
					},
					{
						"block": "minecraft:lit_furnace",
						"speed": 6,
						"on_dig": {
							"event": "hurt"
						}
					},
					{
						"block": "minecraft:hopper",
						"speed": 6,
						"on_dig": {
							"event": "hurt"
						}
					},
					{
						"block": "minecraft:netherrack",
						"speed": 6,
						"on_dig": {
							"event": "hurt"
						}
					},
					{
						"block": "minecraft:quartz_ore",
						"speed": 6,
						"on_dig": {
							"event": "hurt"
						}
					},
					{
						"block": "minecraft:nether_gold_ore",
						"speed": 6,
						"on_dig": {
							"event": "hurt"
						}
					},
					{
						"block": "minecraft:stonecutter_block",
						"speed": 6,
						"on_dig": {
							"event": "hurt"
						}
					},
					{
						"block": "minecraft:dispenser",
						"speed": 6,
						"on_dig": {
							"event": "hurt"
						}
					},
					{
						"block": "minecraft:dropper",
						"speed": 6,
						"on_dig": {
							"event": "hurt"
						}
					},
					{
						"block": "minecraft:blast_furnace",
						"speed": 6,
						"on_dig": {
							"event": "hurt"
						}
					},
					{
						"block": "minecraft:lit_blast_furnace",
						"speed": 6,
						"on_dig": {
							"event": "hurt"
						}
					},
					{
						"block": "minecraft:nether_brick",
						"speed": 6,
						"on_dig": {
							"event": "hurt"
						}
					},
					{
						"block": "minecraft:observer",
						"speed": 6,
						"on_dig": {
							"event": "hurt"
						}
					},
					{
						"block": "minecraft:blackstone",
						"speed": 6,
						"on_dig": {
							"event": "hurt"
						}
					},
					{
						"block": "minecraft:piston",
						"speed": 6,
						"on_dig": {
							"event": "hurt"
						}
					},
					{
						"block": "minecraft:sticky_piston",
						"speed": 6,
						"on_dig": {
							"event": "hurt"
						}
					},
					{
						"block": "minecraft:end_stone",
						"speed": 6,
						"on_dig": {
							"event": "hurt"
						}
					},
					{
						"block": "minecraft:brewing_stand",
						"speed": 6,
						"on_dig": {
							"event": "hurt"
						}
					},
					{
						"block": "minecraft:cobbled_deepslate",
						"speed": 5,
						"on_dig": {
							"event": "hurt"
						}
					},
					{
						"block": "minecraft:deepslate",
						"speed": 5,
						"on_dig": {
							"event": "hurt"
						}
					},
					{
						"block": "minecraft:stone_stairs",
						"speed": 6,
						"on_dig": {
							"event": "hurt"
						}
					},
					{
						"block": "minecraft:mossy_cobblestone_stairs",
						"speed": 6,
						"on_dig": {
							"event": "hurt"
						}
					},
					{
						"block": "minecraft:stone_brick_stairs",
						"speed": 6,
						"on_dig": {
							"event": "hurt"
						}
					},
					{
						"block": "minecraft:mossy_stone_brick_stairs",
						"speed": 6,
						"on_dig": {
							"event": "hurt"
						}
					},
					{
						"block": "minecraft:sandstone_stairs",
						"speed": 6,
						"on_dig": {
							"event": "hurt"
						}
					},
					{
						"block": "minecraft:smooth_sandstone_stairs",
						"speed": 6,
						"on_dig": {
							"event": "hurt"
						}
					},
					{
						"block": "minecraft:red_sandstone_stairs",
						"speed": 6,
						"on_dig": {
							"event": "hurt"
						}
					},
					{
						"block": "minecraft:smooth_red_sandstone_stairs",
						"speed": 6,
						"on_dig": {
							"event": "hurt"
						}
					},
					{
						"block": "minecraft:granite_stairs",
						"speed": 6,
						"on_dig": {
							"event": "hurt"
						}
					},
					{
						"block": "polished_granite_stairs",
						"speed": 6,
						"on_dig": {
							"event": "hurt"
						}
					},
					{
						"block": "minecraft:diorite_stairs",
						"speed": 6,
						"on_dig": {
							"event": "hurt"
						}
					},
					{
						"block": "minecraft:polished_diorite_stairs",
						"speed": 6,
						"on_dig": {
							"event": "hurt"
						}
					},
					{
						"block": "minecraft:andesite_stairs",
						"speed": 6,
						"on_dig": {
							"event": "hurt"
						}
					},
					{
						"block": "minecraft:polished_andesite_stairs",
						"speed": 6,
						"on_dig": {
							"event": "hurt"
						}
					},
					{
						"block": "minecraft:brick_stairs",
						"speed": 6,
						"on_dig": {
							"event": "hurt"
						}
					},
					{
						"block": "minecraft:nether_brick_stairs",
						"speed": 6,
						"on_dig": {
							"event": "hurt"
						}
					},
					{
						"block": "minecraft:red_nether_brick_stairs",
						"speed": 6,
						"on_dig": {
							"event": "hurt"
						}
					},
					{
						"block": "minecraft:end_brick_stairs",
						"speed": 6,
						"on_dig": {
							"event": "hurt"
						}
					},
					{
						"block": "minecraft:quartz_stairs",
						"speed": 6,
						"on_dig": {
							"event": "hurt"
						}
					},
					{
						"block": "minecraft:smooth_quartz_stairs",
						"speed": 6,
						"on_dig": {
							"event": "hurt"
						}
					},
					{
						"block": "minecraft:purpur_stairs",
						"speed": 6,
						"on_dig": {
							"event": "hurt"
						}
					},
					{
						"block": "minecraft:cobbled_deepslate_stairs",
						"speed": 5,
						"on_dig": {
							"event": "hurt"
						}
					},
					{
						"block": "minecraft:deepslate_tile_stairs",
						"speed": 6,
						"on_dig": {
							"event": "hurt"
						}
					},
					{
						"block": "minecraft:polished_deepslate_stairs",
						"speed": 6,
						"on_dig": {
							"event": "hurt"
						}
					},
					{
						"block": "minecraft:deepslate_brick_stairs",
						"speed": 6,
						"on_dig": {
							"event": "hurt"
						}
					},
					{
						"block": "minecraft:normal_stone_stairs",
						"speed": 6,
						"on_dig": {
							"event": "hurt"
						}
					}
				],
				"on_dig": {
					"event": "hurt"
				}
			},
			"minecraft:enchantable": {
				"value": 10,
				"slot": "pickaxe"
			},
			"minecraft:durability": {
				"max_durability": 452
			},
			"minecraft:icon": {
				"texture": "steel_drill"
			},
			"minecraft:display_name": {
				"value": "Steel Drill\n§8(Use this to destroy all Teleportation blocks in the Add-On)"
			},
			"minecraft:creative_category": {
				"parent": "itemGroup.name.drill"
			},
			"minecraft:weapon": {
				"on_hurt_entity": {
					"event": "hurt"
				}
			},
			"minecraft:wearable": {
				"slot": "slot.weapon.mainhand",
				"dispensable": true
			}
		},
		"events": {
			"hurt": {
				"damage": {
					"type": "contact",
					"amount": 1,
					"target": "self"
				}
			}
		}
	}
}