{
	"format_version": "1.17.10",
	"minecraft:item": {
		"description": {
			"identifier": "net:telepad_deactivator",
			"category": "equipment"
		},
		"components": {
			"minecraft:display_name": {
				"value": "Telepad Deactivator\n§8(Interact with an active teleporter to deactivate it)"
			},
			"minecraft:creative_category": {
				"parent": "itemGroup.name.deactivator_telepad"
			},
			"minecraft:icon": {
				"texture": "telepad_deactivator"
			},
			"minecraft:hand_equipped": true,
			"minecraft:max_stack_size": 1,
			"minecraft:durability": {
				"max_durability": 145
			}
		}
	}
}