{
   "format_version":"1.16.100",
   "minecraft:block":{
      "description":{
         "identifier":"vatonage:storage_import_monitor",
         "register_to_creative_menu":true,
         "properties": {
            "vatonage:data":[
               2,
               3,
               4,
               5
            ]
         }
      },
      "components":{
         "minecraft:creative_category":{
            "category":"construction"
         },
         "minecraft:material_instances":{
            "*":{
               "texture":"storage_import_monitor",
               "render_method":"alpha_test"
            }
         },
         "minecraft:pick_collision":{
            "origin":[
               -8,
               0,
               -8
            ],
            "size":[
               16,
               16,
               16
            ]
         },
         "minecraft:entity_collision":{
            "origin":[
               -8,
               0,
               -8
            ],
            "size":[
               16,
               16,
               16
            ]
         },
         "minecraft:geometry":"geometry.cubeblock",
         "minecraft:destroy_time":0.5,
         "minecraft:block_light_absorption":0,
         "minecraft:on_player_placing":{
            "event":"vatonage:place"
         },
         "minecraft:ticking": {
            "looping": true,
            "range": [ 0.5, 0.5 ],
            "on_tick": {
               "event": "vatonage:energy",
               "target": "self"
            }
         }
      },
      "events":{
         "vatonage:place":{
            "set_block_property":{
               "vatonage:data":"(query.cardinal_facing_2d)"
            }
         },
         "vatonage:energy":{
             "run_command": {
                  "command": [
                  "execute @e[type=item,r=2] ~ ~ ~ function storage_import_monitor"
                  ]
             }
         }
      },
      "permutations":[
         {
            "condition":"query.block_property('vatonage:data') == 2",
            "components":{
               "minecraft:rotation":[
                  0,
                  0,
                  0
               ]
            }
         },
         {
            "condition":"query.block_property('vatonage:data') == 3",
            "components":{
               "minecraft:rotation":[
                  0,
                  180,
                  0
               ]
            }
         },
         {
            "condition":"query.block_property('vatonage:data') == 4",
            "components":{
               "minecraft:rotation":[
                  0,
                  90,
                  0
               ]
            }
         },
         {
            "condition":"query.block_property('vatonage:data') == 5",
            "components":{
               "minecraft:rotation":[
                  0,
                  270,
                  0
               ]
            }
         }
      ]
   }
}