{
   "format_version":"1.16.100",
   "minecraft:block":{
      "description":{
         "identifier":"vatonage:storage_controller",
         "register_to_creative_menu":true
      },
      "components":{
         "minecraft:creative_category":{
            "category":"construction"
         },
         "minecraft:material_instances":{
            "*":{
               "texture":"storage_controller",
               "render_method":"alpha_test"
            }
         },
         "minecraft:pick_collision":{
            "origin":[
               -8,
               0,
               -8
            ],
            "size":[
               16,
               16,
               16
            ]
         },
         "minecraft:entity_collision":{
            "origin":[
               -8,
               0,
               -8
            ],
            "size":[
               16,
               16,
               16
            ]
         },
         "minecraft:geometry":"geometry.cubeblock",
         "minecraft:destroy_time":2,
         "minecraft:block_light_absorption":0,
         "minecraft:on_placed":{
            "event":"spawning"
         },
         "minecraft:on_interact": {
            "event": "vatonage:interact"
         }
      },
      "events":{
         "vatonage:interact": {
                     "run_command": {
                         "command": [
                                    "execute @r[type=vatonage:storage_controller_entity,r=1] ~ ~ ~ function storage_controller"
                                    ]
                     }
         },
         "spawning":{
            "run_command":{
               "command":[
                  "summon vatonage:storage_controller_entity",
                  "function setzero"
               ]
            }
         }
      }
   }
}