{
  "format_version": "1.12.0",
 "minecraft:entity": {
  "description": {
    "identifier": "new:explosive",
    "is_spawnable": false,
    "is_summonable": true,
    "is_experimental": false
  },

  "component_groups": {
   "minecraft:exploding": {
    "minecraft:explode": {
     "fuse_length": 0,
     "fuse_lit": true,
     "power": 1.5,
     "causes_fire": true,
     "fire_affected_by_griefing": true,
     "destroy_affected_by_griefing": true
    },
    "minecraft:despawn":{}
   }
  },

  "components": {
   "minecraft:collision_box": {
    "width": 0.31,
    "height": 0.31
   },
   "minecraft:physics": {
   },
   "minecraft:damage_sensor": {
    "triggers": [
      {
        "on_damage": {
        },
        "deals_damage": false
      }
    ]
   },
   "minecraft:pushable": {
    "is_pushable": true,
    "is_pushable_by_piston": true
   }
  },
  "events": {
   "minecraft:entity_spawned": {
    "add": {
     "component_groups": [
      "minecraft:exploding"
     ]
    }
   }
  }
 }
}
