{
    "format_version": "1.12",
    "minecraft:recipe_shapeless": {
        "description": {
            "identifier": "pog:bonemeal"
        },
        "tags": [
            "crafting_table"
        ],
        "ingredients": [
            {
                "item": "pog:bone_dust"
            },
            {
                "item": "pog:bone_dust"
            },
            {
                "item": "pog:bone_dust"
            },
            {
                "item": "pog:bone_dust"
            }
        ],
        "result": {
            "item": "minecraft:bone_meal",
            "count": 1
        }
    }
}