{
  "format_version": "1.12",
  "minecraft:recipe_shaped": {
    "description": {
    "identifier": "vatonage:storage_import_monitor"
    },

    
    "tags": [ "crafting_table" ],
    "pattern": [
      "ABA",
      "BCB",
      "ABA"
    ],
    "key": {
      "A": {
        "item": "minecraft:emerald"
      },
      "B": {
        "item": "minecraft:iron_ingot"
      },
      "C": {
        "item": "minecraft:glass"
      }
    },
    "result": {
      "item": "vatonage:storage_import_monitor"
    }
  }
}
