{
   "format_version":"1.16.0",
   "minecraft:block":{
      "description":{
         "identifier":"amep:cableS"
      },
      "components":{
         "minecraft:material_instances":{
            "*":{
               "texture":"cable",
               "render_method":"alpha_test"
            }
         },
         "minecraft:pick_collision":{
            "origin": [ -3.5, 5, -8 ],
            "size": [ 7, 7, 16 ]
         },
         "minecraft:entity_collision":{
            "origin": [ -3.5, 5, -8 ],
            "size": [ 7, 7, 16 ]
         },
         "minecraft:block_light_absorption": 0,
         "minecraft:rotation":[ 0, 180, 0 ],
         "minecraft:loot": "loot_tables/blocks/cable.json",
         "minecraft:geometry":"geometry.cable",
         "minecraft:destroy_time":0.5
      }
   }
}