{
	"format_version": "1.17.10",
	"minecraft:feature_rules": {
		"description": {
			"identifier": "net:trithorium_deepslate_feature_rule",
			"places_feature": "net:trithorium_deepslate_feature"
		},
		"conditions": {
			"placement_pass": "underground_pass",
			"minecraft:biome_filter": {
				"any_of": [
					{
						"test": "has_biome_tag",
						"operator": "==",
						"value": "overworld"
					},
					{
						"test": "has_biome_tag",
						"operator": "==",
						"value": "overworld_generation"
					}
				]
			}
		},
		"distribution": {
			"iterations": 5,
			"coordinate_eval_order": "zyx",
			"x": {
				"distribution": "uniform",
				"extent": [
					0,
					16
				]
			},
			"y": {
				"distribution": "uniform",
				"extent": [
					-64,
					0
				]
			},
			"z": {
				"distribution": "uniform",
				"extent": [
					0,
					16
				]
			}
		}
	}
}