{

  "format_version": "1.16.100",

  "minecraft:item": {
	"description": {
      "identifier": "new:iron_bow",
      "category": "Equipment"
    },
    "components": {
	  	"minecraft:creative_category": {
		  	"parent": "itemGroup.name.equipment"
	    },
      "minecraft:frame_count": 3,
      "minecraft:use_animation": "bow",
      "minecraft:display_name": {},
      "minecraft:icon": {
        "texture": "iron_bow"
      },
      "tag:new:is_custom_bow":{},
      "minecraft:shooter": {
        "scale_power_by_draw_duration": true,
        "max_draw_duration": 1.0
      },
      "minecraft:stacked_by_data": false,
      "minecraft:max_stack_size": 1,
      "minecraft:use_duration": 999999999,
      "minecraft:foil": false,
      "minecraft:hand_equipped": true
	 },
	 "events": {
	 }
  }
}