{
	"format_version": "1.16.100",
	"minecraft:block": {
		"description": {
			"identifier": "net:deactivated_landing_pad",
			"is_experimental": false
		},
		"components": {
			"minecraft:geometry": "geometry.teleportation_geo_all",
			"minecraft:material_instances": {
				"*": {
					"texture": "deactivated_landing_pad",
					"render_method": "alpha_test"
				}
			},
			"minecraft:on_interact": {
				"event": "color choice",
				"condition": "!query.is_sneaking"
			},
			"minecraft:pick_collision": {
				"origin": [
					-7,
					0,
					-7
				],
				"size": [
					14,
					3,
					14
				]
			},
			"minecraft:entity_collision": {
				"origin": [
					-7,
					0,
					-7
				],
				"size": [
					14,
					3,
					14
				]
			},
			"minecraft:creative_category": {
				"category": "items",
				"group": "itemGroup.name.teleporters"
			},
			"minecraft:block_light_absorption": 0,
			"minecraft:explosion_resistance": 6,
			"minecraft:destroy_time": 10,
			"tag:landing_pads": {},
			"minecraft:on_player_destroyed": {
				"event": "give_pad"
			},
			"minecraft:loot": "loot_tables/empty.json"
		},
		"events": {
			"color choice": {
				"sequence": [
					{
						"condition": "query.get_equipped_item_name == 'white_dye'",
						"set_block": {
							"block_type": "net:white_landing_pad"
						},
						"decrement_stack": {}
					},
					{
						"condition": "query.get_equipped_item_name == 'yellow_dye'",
						"set_block": {
							"block_type": "net:yellow_landing_pad"
						},
						"decrement_stack": {}
					},
					{
						"condition": "query.get_equipped_item_name == 'light_gray_dye'",
						"set_block": {
							"block_type": "net:light_gray_landing_pad"
						},
						"decrement_stack": {}
					},
					{
						"condition": "query.get_equipped_item_name == 'gray_dye'",
						"set_block": {
							"block_type": "net:gray_landing_pad"
						},
						"decrement_stack": {}
					},
					{
						"condition": "query.get_equipped_item_name == 'black_dye'",
						"set_block": {
							"block_type": "net:black_landing_pad"
						},
						"decrement_stack": {}
					},
					{
						"condition": "query.get_equipped_item_name == 'brown_dye'",
						"set_block": {
							"block_type": "net:brown_landing_pad"
						},
						"decrement_stack": {}
					},
					{
						"condition": "query.get_equipped_item_name == 'red_dye'",
						"set_block": {
							"block_type": "net:red_landing_pad"
						},
						"decrement_stack": {}
					},
					{
						"condition": "query.get_equipped_item_name == 'orange_dye'",
						"set_block": {
							"block_type": "net:orange_landing_pad"
						},
						"decrement_stack": {}
					},
					{
						"condition": "query.get_equipped_item_name == 'lime_dye'",
						"set_block": {
							"block_type": "net:lime_landing_pad"
						},
						"decrement_stack": {}
					},
					{
						"condition": "query.get_equipped_item_name == 'cyan_dye'",
						"set_block": {
							"block_type": "net:cyan_landing_pad"
						},
						"decrement_stack": {}
					},
					{
						"condition": "query.get_equipped_item_name == 'green_dye'",
						"set_block": {
							"block_type": "net:green_landing_pad"
						},
						"decrement_stack": {}
					},
					{
						"condition": "query.get_equipped_item_name == 'light_blue_dye'",
						"set_block": {
							"block_type": "net:light_blue_landing_pad"
						},
						"decrement_stack": {}
					},
					{
						"condition": "query.get_equipped_item_name == 'blue_dye'",
						"set_block": {
							"block_type": "net:blue_landing_pad"
						},
						"decrement_stack": {}
					},
					{
						"condition": "query.get_equipped_item_name == 'purple_dye'",
						"set_block": {
							"block_type": "net:purple_landing_pad"
						},
						"decrement_stack": {}
					},
					{
						"condition": "query.get_equipped_item_name == 'magenta_dye'",
						"set_block": {
							"block_type": "net:magenta_landing_pad"
						},
						"decrement_stack": {}
					},
					{
						"condition": "query.get_equipped_item_name == 'pink_dye'",
						"set_block": {
							"block_type": "net:pink_landing_pad"
						},
						"decrement_stack": {}
					}
				]
			},
			"give_pad": {
				"sequence": [
					{
						"condition": "query.get_equipped_item_name == 'steel_drill'",
						"spawn_loot": {
							"table": "deactivated_landing_pad"
						}
					}
				]
			}
		}
	}
}