{
	"format_version": "1.16.100",
	"minecraft:block": {
		"description": {
			"identifier": "net:deepslate_trithorium_ore"
		},
		"components": {
			"minecraft:unit_cube": {},
			"minecraft:material_instances": {
				"*": {
					"texture": "deepslate_trithorium_ore",
					"render_method": "opaque"
				}
			},
			"minecraft:loot": "loot_tables/empty.json",
			"minecraft:on_player_destroyed": {
				"event": "give_pieces"
			},
			"minecraft:destroy_time": 22.5,
			"minecraft:creative_category": {
				"category": "nature",
				"group": "itemGroup.name.ore"
			}
		},
		"events": {
			"give_pieces": {
				"sequence": [
					{
						"condition": "query.get_equipped_item_name == 'steel_drill'",
						"spawn_loot": {
							"table": "loot_tables/deepslate_trithorium_ore_1.json"
						}
					}
				]
			}
		}
	}
}