{
	"format_version": "1.16.100",
	"minecraft:block": {
		"description": {
			"identifier": "net:light_gray_teleportation_pad",
			"is_experimental": false
		},
		"components": {
			"minecraft:geometry": "geometry.teleportation_geo_all",
			"minecraft:material_instances": {
				"*": {
					"texture": "light_gray_teleportation_pad",
					"render_method": "alpha_test"
				}
			},
			"minecraft:entity_collision": {
				"origin": [
					-7,
					0,
					-7
				],
				"size": [
					14,
					5,
					14
				]
			},
			"minecraft:pick_collision": {
				"origin": [
					-7,
					0,
					-7
				],
				"size": [
					14,
					3,
					14
				]
			},
			"minecraft:block_light_absorption": 0,
			"minecraft:on_step_on": {
				"event": "teleport_to_light_gray_landing"
			},
			"minecraft:creative_category": {
				"category": "items",
				"group": "itemGroup.name.teleporters"
			},
			"minecraft:on_interact": {
				"event": "deactivate",
				"condition": "query.get_equipped_item_name=='telepad_deactivator'"
			},
			"minecraft:explosion_resistance": 1200,
			"tag:tele_pads": {},
			"minecraft:destroy_time": 250,
			"minecraft:on_player_destroyed": {
				"event": "give_pad"
			},
			"minecraft:loot": "loot_tables/empty.json"
		},
		"events": {
			"teleport_to_light_gray_landing": {
				"run_command": {
					"command": [
						"tp @e[r=1] @e[family=light_gray_landing_pad,r=100]"
					]
				},
				"trigger": "teleport2"
			},
			"deactivate": {
				"sequence": [
					{
						"set_block": {
							"block_type": "net:deactivated_teleportation_pad"
						}
					},
					{
						"damage": {
							"type": "contact",
							"amount": 1,
							"target": "item"
						}
					},
					{
						"spawn_loot": {
							"table": "loot_tables/light_gray_dye.json"
						}
					}
				]
			},
			"give_pad": {
				"sequence": [
					{
						"condition": "query.get_equipped_item_name=='steel_drill'",
						"spawn_loot": {
							"table": "light_gray_teleportation_pad"
						}
					}
				]
			},
			"teleport2": {
				"run_command": {
					"command": [
						"scoreboard objectives add temp dummy",
						"scoreboard players set success temp 0",
						"execute @e[family=light_gray_landing_pad,r=100] ~ ~ ~ scoreboard players add success temp 1",
						"scoreboard players operation @s temp = success temp",
						"execute @s[scores={temp=1}] ~ ~ ~ playsound mob.shulker.teleport"
					],
					"target": "player"
				}
			}
		}
	}
}