{
	"format_version": "1.16.100",
	"minecraft:block": {
		"description": {
			"identifier": "net:pink_landing_pad",
			"is_experimental": false
		},
		"components": {
			"minecraft:geometry": "geometry.teleportation_geo_all",
			"minecraft:material_instances": {
				"*": {
					"texture": "pink_landing_pad",
					"render_method": "alpha_test"
				}
			},
			"minecraft:pick_collision": {
				"origin": [
					-7,
					0,
					-7
				],
				"size": [
					14,
					3,
					14
				]
			},
			"minecraft:entity_collision": {
				"origin": [
					-7,
					0,
					-7
				],
				"size": [
					14,
					3,
					14
				]
			},
			"minecraft:on_placed": {
				"event": "summon_landing"
			},
			"minecraft:block_light_absorption": 0,
			"minecraft:creative_category": {
				"category": "items",
				"group": "itemGroup.name.teleporters"
			},
			"minecraft:on_interact": {
				"event": "deactivate",
				"condition": "query.get_equipped_item_name == 'telepad_deactivator'"
			},
			"minecraft:explosion_resistance": 6,
			"minecraft:destroy_time": 10,
			"tag:landing_pads": {},
			"minecraft:on_player_destroyed": {
				"event": "give_pad"
			},
			"minecraft:loot": "loot_tables/empty.json"
		},
		"events": {
			"summon_landing": {
				"sequence": [
					{
						"run_command": {
							"command": "gamerule sendcommandfeedback false"
						}
					},
					{
						"run_command": {
							"command": "summon net:pink_teleporter_teleport"
						}
					}
				]
			},
			"deactivate": {
				"sequence": [
					{
						"set_block": {
							"block_type": "net:deactivated_landing_pad"
						}
					},
					{
						"damage": {
							"type": "contact",
							"amount": 1,
							"target": "item"
						}
					},
					{
						"spawn_loot": {
							"table": "loot_tables/pink_dye.json"
						}
					}
				]
			},
			"give_pad": {
				"sequence": [
					{
						"condition": "query.get_equipped_item_name == 'steel_drill'",
						"spawn_loot": {
							"table": "pink_landing_pad"
						}
					}
				]
			}
		}
	}
}