{
   "format_version": "1.16.100",
   "minecraft:block": {
      "description": {
         "identifier": "amep:quarry_upgrade_lv1",
         "register_to_creative_menu": true
      },
      "components": {
         "minecraft:material_instances": {
            "*": {
               "texture": "quarry_upgrade_lv1",
               "render_method": "alpha_test"
            }
         },
         "minecraft:pick_collision": {
             "origin":  [-8, 0, -8],
             "size":    [16, 16, 16]
         },
         "minecraft:destroy_time": 1,
         "minecraft:loot": "loot_tables/blocks/quarry_upgrade_lv1.json",
         "minecraft:on_interact": {
            "target": "other",
            "event": "amep:upgrade_setup"
         }
      },
      "events": {
         "amep:upgrade_setup": {
            "run_command": {
               "command": "summon amep:quarry_upgrade_setup"
            }
         }
      }
   }
}