{
   "format_version":"1.8.0",
   "minecraft:entity":{
      "description":{
         "identifier":"amep:me_generator",
         "is_spawnable":false,
         "is_summonable":true,
         "is_experimental":false,
         "scripts":{
            "animate":[
               "walk"
            ]
         },
         "animations":{
            "walk":"controller.animation.me_generator"
         }
      },
      "components":{
         "minecraft:scale":{
            "value":0
         },
         "minecraft:physics": {
            "has_collision": false,
            "has_gravity": false
         }
      }
   }
}