{
  "format_version": "1.16.0",
  "minecraft:entity": {
    "description": {
      "identifier": "minecraft:player",
      "is_spawnable": false,
      "is_summonable": false,
      "is_experimental": false,
      "scripts": {
        "animate": [
          "bow_function",
          "glowstone_function"
        ]
      },
      "animations": {
        "bow_function": "controller.animation.bow_function",
        "glowstone_function": "controller.animation.glowstone_function"
      }
    },

    "component_groups": {
      "bow_actived": {
        "minecraft:is_ignited":{}
      },
      "var0":{
        "minecraft:variant":{
          "value": 0
        },
        "minecraft:timer":{
          "time": 0.1,
          "time_down_event":{
            "filters":{
              "test": "has_tag",
              "operator":"==",
              "subject": "self",
              "value": "using"
            },
            "event":"new:bow_animated"
          }
        }
      },
      "var1":{
        "minecraft:variant":{
          "value": 1
        },
        "minecraft:timer":{
          "time": 0.125,
          "time_down_event":{
            "filters":{
              "test": "has_tag",
              "operator":"==",
              "subject": "self",
              "value": "using"
            },
            "event":"new:bow_animated"
          }
        }
      },
      "var2":{
        "minecraft:variant":{
          "value": 2
        },
        "minecraft:timer":{
          "time": 0.125,
          "time_down_event":{
            "filters":{
              "test": "has_tag",
              "operator":"==",
              "subject": "self",
              "value": "using"
            },
            "event":"new:bow_animated"
          }
        }
      },
      "var3":{
        "minecraft:variant":{
          "value": 3
        },
        "minecraft:timer":{
          "time": 0.125,
          "time_down_event":{
            "filters":{
              "test": "has_tag",
              "operator":"==",
              "subject": "self",
              "value": "using"
            },
            "event":"new:bow_animated"
          }
        }
      },
      "animated_active":{
        "minecraft:is_stackable":{}
      },
      "bow_container": {
        "minecraft:is_stunned":{}
      },
      "mini_bow":{
        "minecraft:spawn_entity": {
          "entities": [
            {
              "min_wait_time": 0,
              "max_wait_time": 0,
              "spawn_entity": "new:arrow_mini",
              "spawn_event": "minecraft:entity_spawned",
              "single_use": true,
              "num_to_spawn": 1,
              "should_leash": false
            }
          ]
        }
      },


      "sponge_bow":{
        "minecraft:spawn_entity": {
          "entities": [
            {
              "min_wait_time": 0,
              "max_wait_time": 0,
              "spawn_entity": "new:arrow_sponge",
              "spawn_event": "minecraft:entity_spawned",
              "single_use": true,
              "num_to_spawn": 1,
              "should_leash": false
            }
          ]
        }
      },
      "slime_bow":{
        "minecraft:spawn_entity": {
          "entities": [
            {
              "min_wait_time": 0,
              "max_wait_time": 0,
              "spawn_entity": "new:arrow_slime",
              "spawn_event": "minecraft:entity_spawned",
              "single_use": true,
              "num_to_spawn": 1,
              "should_leash": false
            }
          ]
        }
      },
      "lapis_bow":{
        "minecraft:spawn_entity": {
          "entities": [
            {
              "min_wait_time": 0,
              "max_wait_time": 0,
              "spawn_entity": "new:arrow_lapis",
              "spawn_event": "minecraft:entity_spawned",
              "single_use": true,
              "num_to_spawn": 1,
              "should_leash": false
            }
          ]
        }
      },
      "redstone_bow":{
        "minecraft:spawn_entity": {
          "entities": [
            {
              "min_wait_time": 0,
              "max_wait_time": 0,
              "spawn_entity": "new:arrow_redstone",
              "spawn_event": "minecraft:entity_spawned",
              "single_use": true,
              "num_to_spawn": 1,
              "should_leash": false
            }
          ]
        }
      },
      "iron_bow":{
        "minecraft:spawn_entity": {
          "entities": [
            {
              "min_wait_time": 0,
              "max_wait_time": 0,
              "spawn_entity": "new:arrow_iron",
              "spawn_event": "minecraft:entity_spawned",
              "single_use": true,
              "num_to_spawn": 1,
              "should_leash": false
            }
          ]
        }
      },
      "gold_bow":{
        "minecraft:spawn_entity": {
          "entities": [
            {
              "min_wait_time": 0,
              "max_wait_time": 0,
              "spawn_entity": "new:arrow_gold",
              "spawn_event": "minecraft:entity_spawned",
              "single_use": true,
              "num_to_spawn": 1,
              "should_leash": false
            }
          ]
        }
      },
      "diamond_bow":{
        "minecraft:spawn_entity": {
          "entities": [
            {
              "min_wait_time": 0,
              "max_wait_time": 0,
              "spawn_entity": "new:arrow_diamond",
              "spawn_event": "minecraft:entity_spawned",
              "single_use": true,
              "num_to_spawn": 1,
              "should_leash": false
            }
          ]
        }
      },


      "smoke_bow":{
        "minecraft:spawn_entity": {
          "entities": [
            {
              "min_wait_time": 0,
              "max_wait_time": 0,
              "spawn_entity": "new:arrow_smoke",
              "spawn_event": "minecraft:entity_spawned",
              "single_use": true,
              "num_to_spawn": 1,
              "should_leash": false
            }
          ]
        }
      },
      "magnet_bow":{
        "minecraft:spawn_entity": {
          "entities": [
            {
              "min_wait_time": 0,
              "max_wait_time": 0,
              "spawn_entity": "new:arrow_magnet",
              "spawn_event": "minecraft:entity_spawned",
              "single_use": true,
              "num_to_spawn": 1,
              "should_leash": false
            }
          ]
        }
      },
      "stone_bow":{
        "minecraft:spawn_entity": {
          "entities": [
            {
              "min_wait_time": 0,
              "max_wait_time": 0,
              "spawn_entity": "new:arrow_stone",
              "spawn_event": "minecraft:entity_spawned",
              "single_use": true,
              "num_to_spawn": 1,
              "should_leash": false
            }
          ]
        }
      },
      "long_bow":{
        "minecraft:spawn_entity": {
          "entities": [
            {
              "min_wait_time": 0,
              "max_wait_time": 0,
              "spawn_entity": "new:arrow_long",
              "spawn_event": "minecraft:entity_spawned",
              "single_use": true,
              "num_to_spawn": 1,
              "should_leash": false
            }
          ]
        }
      },
      "shulker_bow":{
        "minecraft:spawn_entity": {
          "entities": [
            {
              "min_wait_time": 0,
              "max_wait_time": 0,
              "spawn_entity": "new:arrow_shulker",
              "spawn_event": "minecraft:entity_spawned",
              "single_use": true,
              "num_to_spawn": 1,
              "should_leash": false
            }
          ]
        }
      },
      "ender_bow":{
        "minecraft:spawn_entity": {
          "entities": [
            {
              "min_wait_time": 0,
              "max_wait_time": 0,
              "spawn_entity": "new:arrow_ender",
              "spawn_event": "minecraft:entity_spawned",
              "single_use": true,
              "num_to_spawn": 1,
              "should_leash": false
            }
          ]
        }
      },
      "spider_bow":{
        "minecraft:spawn_entity": {
          "entities": [
            {
              "min_wait_time": 0,
              "max_wait_time": 0,
              "spawn_entity": "new:arrow_spider",
              "spawn_event": "minecraft:entity_spawned",
              "single_use": true,
              "num_to_spawn": 1,
              "should_leash": false
            }
          ]
        }
      },
      "glowstone_bow":{
        "minecraft:spawn_entity": {
          "entities": [
            {
              "min_wait_time": 0,
              "max_wait_time": 0,
              "spawn_entity": "new:arrow_glowstone",
              "spawn_event": "minecraft:entity_spawned",
              "single_use": true,
              "num_to_spawn": 1,
              "should_leash": false
            }
          ]
        }
      },
      "knockback_bow":{
        "minecraft:spawn_entity": {
          "entities": [
            {
              "min_wait_time": 0,
              "max_wait_time": 0,
              "spawn_entity": "new:arrow_knockback",
              "spawn_event": "minecraft:entity_spawned",
              "single_use": true,
              "num_to_spawn": 1,
              "should_leash": false
            }
          ]
        }
      },
      "health_bow":{
        "minecraft:spawn_entity": {
          "entities": [
            {
              "min_wait_time": 0,
              "max_wait_time": 0,
              "spawn_entity": "new:arrow_health",
              "spawn_event": "minecraft:entity_spawned",
              "single_use": true,
              "num_to_spawn": 1,
              "should_leash": false
            }
          ]
        }
      },
      "thunder_bow":{
        "minecraft:spawn_entity": {
          "entities": [
            {
              "min_wait_time": 0,
              "max_wait_time": 0,
              "spawn_entity": "new:arrow_thunder",
              "spawn_event": "minecraft:entity_spawned",
              "single_use": true,
              "num_to_spawn": 1,
              "should_leash": false
            }
          ]
        }
      },
      "remote_bow":{
        "minecraft:spawn_entity": {
          "entities": [
            {
              "min_wait_time": 0,
              "max_wait_time": 0,
              "spawn_entity": "new:arrow_remote",
              "spawn_event": "minecraft:entity_spawned",
              "single_use": true,
              "num_to_spawn": 1,
              "should_leash": false
            }
          ]
        }
      },
      "blaze_bow":{
        "minecraft:spawn_entity": {
          "entities": [
            {
              "min_wait_time": 0,
              "max_wait_time": 0,
              "spawn_entity": "new:arrow_blaze",
              "spawn_event": "minecraft:entity_spawned",
              "single_use": true,
              "num_to_spawn": 1,
              "should_leash": false
            }
          ]
        }
      },
      "ice_bow":{
        "minecraft:spawn_entity": {
          "entities": [
            {
              "min_wait_time": 0,
              "max_wait_time": 0,
              "spawn_entity": "new:arrow_ice",
              "spawn_event": "minecraft:entity_spawned",
              "single_use": true,
              "num_to_spawn": 1,
              "should_leash": false
            }
          ]
        }
      },
      "explosive_bow":{
        "minecraft:spawn_entity": {
          "entities": [
            {
              "min_wait_time": 0,
              "max_wait_time": 0,
              "spawn_entity": "new:arrow_explosive",
              "spawn_event": "minecraft:entity_spawned",
              "single_use": true,
              "num_to_spawn": 1,
              "should_leash": false
            }
          ]
        }
      },
      "minecraft:add_bad_omen": {
        "minecraft:spell_effects": {
          "add_effects": [
            {
              "effect": "bad_omen",
              "duration": 6000,
              "display_on_screen_animation": true
            }
          ]
        },
        "minecraft:timer": {
          "time": [ 0.0, 0.0 ],
          "looping": false,
          "time_down_event": {
            "event": "minecraft:clear_add_bad_omen",
            "target": "self"
          }
        }
      },
      "minecraft:clear_bad_omen_spell_effect": {
        "minecraft:spell_effects": {
        }
      },
      "minecraft:raid_trigger": {
        "minecraft:raid_trigger": {
          "triggered_event": {
            "event": "minecraft:remove_raid_trigger",
            "target": "self"
          }
        },
        "minecraft:spell_effects": {
          "remove_effects": "bad_omen"
        }
      }
    },

    "components": {
      "minecraft:experience_reward": {
        "on_death": "Math.Min(query.player_level * 7, 100)"
      },
      "minecraft:type_family": {
        "family": [ "player" ]
      },
      "minecraft:is_hidden_when_invisible": {
      },
      "minecraft:loot": {
        "table": "loot_tables/empty.json"
      },
      "minecraft:collision_box": {
        "width": 0.6,
        "height": 1.8
      },
      "minecraft:can_climb": {
      },
      "minecraft:movement": {
        "value": 0.1
      },
      "minecraft:hurt_on_condition": {
        "damage_conditions": [
          {
            "filters": { "test": "in_lava", "subject": "self", "operator": "==", "value": true },
            "cause": "lava",
            "damage_per_tick": 4
          }
        ]
      },
      "minecraft:attack": {
        "damage": 1
      },
      "minecraft:player.saturation": {
        "value": 20
      },
      "minecraft:player.exhaustion": {
        "value": 0,
        "max": 4
      },
      "minecraft:player.level": {
        "value": 0,
        "max": 24791
      },
      "minecraft:player.experience": {
        "value": 0,
        "max": 1
      },
      "minecraft:breathable": {
        "total_supply": 15,
        "suffocate_time": -1,
        "inhale_time": 3.75,
        "generates_bubbles": false
      },
      "minecraft:nameable": {
        "always_show": true,
        "allow_name_tag_renaming": false
      },
      "minecraft:physics": {
      },
      "minecraft:pushable": {
        "is_pushable": false,
        "is_pushable_by_piston": true
      },
      "minecraft:insomnia": {
        "days_until_insomnia": 3
      },
      "minecraft:rideable": {
        "seat_count": 2,
        "family_types": [
          "parrot_tame"
        ],
        "pull_in_entities": true,
        "seats": [
          {
            "position": [ 0.4, -0.2, -0.1 ],
            "min_rider_count": 0,
            "max_rider_count": 0,
            "lock_rider_rotation": 0
          },
          {
            "position": [ -0.4, -0.2, -0.1 ],
            "min_rider_count": 1,
            "max_rider_count": 2,
            "lock_rider_rotation": 0
          }
        ]
      },
      "minecraft:scaffolding_climber": {},
      "minecraft:environment_sensor": {
        "triggers": [
          {
            "filters": {
              "any_of": [
                {
                  "test": "has_equipment",
                  "subject": "self",
                  "operator": "==",
                  "domain": "hand",
                  "value": "new:spider_bow"
                }
              ]
            },
            "event": "new:spider_bow_active"
          },
          {
            "filters": {
              "any_of": [
                {
                  "test": "has_equipment",
                  "subject": "self",
                  "operator": "!=",
                  "domain": "hand",
                  "value": "new:blaze_bow"
                },
                {
                  "test": "has_equipment",
                  "subject": "self",
                  "operator": "!=",
                  "domain": "hand",
                  "value": "new:smoke_bow"
                },
                {
                  "test": "has_equipment",
                  "subject": "self",
                  "operator": "!=",
                  "domain": "hand",
                  "value": "new:spider_bow"
                },
                {
                  "test": "has_equipment",
                  "subject": "self",
                  "operator": "!=",
                  "domain": "hand",
                  "value": "new:remote_bow"
                },
                {
                  "test": "has_equipment",
                  "subject": "self",
                  "operator": "!=",
                  "domain": "hand",
                  "value": "new:explosive_bow"
                },
                {
                  "test": "has_equipment",
                  "subject": "self",
                  "operator": "!=",
                  "domain": "hand",
                  "value": "new:stone_bow"
                },
                {
                  "test": "has_equipment",
                  "subject": "self",
                  "operator": "!=",
                  "domain": "hand",
                  "value": "new:ice_bow"
                },
                {
                  "test": "has_equipment",
                  "subject": "self",
                  "operator": "!=",
                  "domain": "hand",
                  "value": "new:knockback_bow"
                },
                {
                  "test": "has_equipment",
                  "subject": "self",
                  "operator": "!=",
                  "domain": "hand",
                  "value": "new:ender_bow"
                },
                {
                  "test": "has_equipment",
                  "subject": "self",
                  "operator": "!=",
                  "domain": "hand",
                  "value": "new:health_bow"
                },
                {
                  "test": "has_equipment",
                  "subject": "self",
                  "operator": "!=",
                  "domain": "hand",
                  "value": "new:thunder_bow"
                },
                {
                  "test": "has_equipment",
                  "subject": "self",
                  "operator": "!=",
                  "domain": "hand",
                  "value": "new:magnet_bow"
                },
                {
                  "test": "has_equipment",
                  "subject": "self",
                  "operator": "!=",
                  "domain": "hand",
                  "value": "new:mini_bow"
                },
                {
                  "test": "has_equipment",
                  "subject": "self",
                  "operator": "!=",
                  "domain": "hand",
                  "value": "new:shulker_bow"
                                  },
                {
                  "test": "has_equipment",
                  "subject": "self",
                  "operator": "!=",
                  "domain": "hand",
                  "value": "new:diamond_bow"
                },
                {
                  "test": "has_equipment",
                  "subject": "self",
                  "operator": "!=",
                  "domain": "hand",
                  "value": "new:iron_bow"
                },
                {
                  "test": "has_equipment",
                  "subject": "self",
                  "operator": "!=",
                  "domain": "hand",
                  "value": "new:lapis_bow"
                },
                {
                  "test": "has_equipment",
                  "subject": "self",
                  "operator": "!=",
                  "domain": "hand",
                  "value": "new:redstone_bow"
                },
                {
                  "test": "has_equipment",
                  "subject": "self",
                  "operator": "!=",
                  "domain": "hand",
                  "value": "new:slime_bow"
                },
                {
                  "test": "has_equipment",
                  "subject": "self",
                  "operator": "!=",
                  "domain": "hand",
                  "value": "new:sponge_bow"
                },
                {
                  "test": "has_equipment",
                  "subject": "self",
                  "operator": "!=",
                  "domain": "hand",
                  "value": "new:gold_bow"
                },
                {
                  "test": "has_equipment",
                  "subject": "self",
                  "operator": "!=",
                  "domain": "hand",
                  "value": "new:long_bow"
                }
              ]
            },
            "event": "new:remove_bow_container"
          },
          {
            "filters": {
              "any_of": [
                {
                  "test": "has_equipment",
                  "subject": "self",
                  "operator": "==",
                  "domain": "hand",
                  "value": "new:blaze_bow"
                },
                {
                  "test": "has_equipment",
                  "subject": "self",
                  "operator": "==",
                  "domain": "hand",
                  "value": "new:mini_bow"
                },
                {
                  "test": "has_equipment",
                  "subject": "self",
                  "operator": "==",
                  "domain": "hand",
                  "value": "new:smoke_bow"
                },
                {
                  "test": "has_equipment",
                  "subject": "self",
                  "operator": "==",
                  "domain": "hand",
                  "value": "new:stone_bow"
                },
                {
                  "test": "has_equipment",
                  "subject": "self",
                  "operator": "==",
                  "domain": "hand",
                  "value": "new:magnet_bow"
                },
                {
                  "test": "has_equipment",
                  "subject": "self",
                  "operator": "==",
                  "domain": "hand",
                  "value": "new:shulker_bow"
                },
                {
                  "test": "has_equipment",
                  "subject": "self",
                  "operator": "==",
                  "domain": "hand",
                  "value": "new:long_bow"
                },
                {
                  "test": "has_equipment",
                  "subject": "self",
                  "operator": "==",
                  "domain": "hand",
                  "value": "new:spider_bow"
                },
                {
                  "test": "has_equipment",
                  "subject": "self",
                  "operator": "==",
                  "domain": "hand",
                  "value": "new:ender_bow"
                },
                {
                  "test": "has_equipment",
                  "subject": "self",
                  "operator": "==",
                  "domain": "hand",
                  "value": "new:remote_bow"
                },
                {
                  "test": "has_equipment",
                  "subject": "self",
                  "operator": "==",
                  "domain": "hand",
                  "value": "new:glowstone_bow"

                },
                {
                  "test": "has_equipment",
                  "subject": "self",
                  "operator": "==",
                  "domain": "hand",
                  "value": "new:diamond_bow"
                },
                {
                  "test": "has_equipment",
                  "subject": "self",
                  "operator": "==",
                  "domain": "hand",
                  "value": "new:iron_bow"
                },
                {
                  "test": "has_equipment",
                  "subject": "self",
                  "operator": "==",
                  "domain": "hand",
                  "value": "new:lapis_bow"
                },
                {
                  "test": "has_equipment",
                  "subject": "self",
                  "operator": "==",
                  "domain": "hand",
                  "value": "new:redstone_bow"
                },
                {
                  "test": "has_equipment",
                  "subject": "self",
                  "operator": "==",
                  "domain": "hand",
                  "value": "new:slime_bow"
                },
                {
                  "test": "has_equipment",
                  "subject": "self",
                  "operator": "==",
                  "domain": "hand",
                  "value": "new:sponge_bow"
                },
                {
                  "test": "has_equipment",
                  "subject": "self",
                  "operator": "==",
                  "domain": "hand",
                  "value": "new:gold_bow"



                },
                {
                  "test": "has_equipment",
                  "subject": "self",
                  "operator": "==",
                  "domain": "hand",
                  "value": "new:explosive_bow"
                },
                {
                  "test": "has_equipment",
                  "subject": "self",
                  "operator": "==",
                  "domain": "hand",
                  "value": "new:ice_bow"
                },
                {
                  "test": "has_equipment",
                  "subject": "self",
                  "operator": "==",
                  "domain": "hand",
                  "value": "new:knockback_bow"
                },
                {
                  "test": "has_equipment",
                  "subject": "self",
                  "operator": "==",
                  "domain": "hand",
                  "value": "new:health_bow"
                },
                {
                  "test": "has_equipment",
                  "subject": "self",
                  "operator": "==",
                  "domain": "hand",
                  "value": "new:thunder_bow"
                }
              ]
},
"event": "new:bow_container"
},
{
  "filters": {
    "any_of": [
      {
        "test": "has_equipment",
        "subject": "self",
        "operator": "!=",
        "domain": "hand",
        "value": "new:spider_bow"
      }
    ]
  },
  "event": "new:spider_bow_desactive"
},
{
  "filters": {
    "any_of": [
      {
        "test": "has_equipment",
        "subject": "self",
        "operator": "==",
        "domain": "hand",
        "value": "new:ice_bow"
      }
    ]
  },
  "event": "new:ice_bow_active"
},
{
  "filters": {
    "any_of": [
      {
        "test": "has_equipment",
        "subject": "self",
        "operator": "!=",
        "domain": "hand",
        "value": "new:ice_bow"
      }
    ]
  },
  "event": "new:ice_bow_desactive"
}
]
}
},

"events": {
  "new:ice_bow_active": {
    "run_command": {
      "command": [
        "tag @s add ice_bow"
      ]
    }
  },
  "new:ice_bow_desactive": {
    "run_command": {
      "command": [
        "tag @s remove ice_bow"
      ]
    }
  },
  "new:spider_bow_active": {
    "run_command": {
      "command": [
        "tag @s add spider_bow"
      ]
    }
  },
  "new:spider_bow_desactive": {
    "run_command": {
      "command": [
        "tag @s remove spider_bow"
      ]
    }
  },
  "minecraft:entity_spawned":{
    "add":{
      "component_groups":[
        "var0"
      ]
    }
  },
  "new:bow_animated_return":{
    "remove":{
      "component_groups":[
        "var3",
        "var2",
        "var1"
      ]
    },
    "add":{
      "component_groups":[
        "var0"
      ]
    }
  },
  "new:bow_container": {
    "add": {
      "component_groups": [
        "bow_container"
      ]
    }
  },
  "new:remove_bow_container": {
    "remove": {
      "component_groups": [
        "bow_container"
      ]
    }
  },
  "new:bow_desactived": {
    "remove": {
      "component_groups": [
        "bow_actived"
      ]
    }
  },
  "new:bow_actived": {
    "add": {
      "component_groups": [
        "bow_actived"
      ]
    }
  },
  "new:bow_animated":{
    "sequence":[
      {
        "filters":{
          "test":"is_variant",
          "subject": "self",
          "operator":"==",
          "value": 0
        },
        "remove":{
          "component_groups":[
            "var0"
          ]
        },
        "add":{
          "component_groups":[
            "var1"
          ]
        }
      },
      {
        "filters":{
          "test":"is_variant",
          "subject": "self",
          "operator":"==",
          "value": 1
        },
        "remove":{
          "component_groups":[
            "var1"
          ]
        },
        "add":{
          "component_groups":[
            "var2"
          ]
        }
      },
      {
        "filters":{
          "test":"is_variant",
          "subject": "self",
          "operator":"==",
          "value": 2
        },
        "remove":{
          "component_groups":[
            "var2"
          ]
        },
        "add":{
          "component_groups":[
            "var3"
          ]
        }
      }
    ]
  },
  "new:remove_animated_active": {
    "remove": {
      "component_groups": [
        "animated_active"
      ]
    }
  },
  "new:animated_active": {
    "add": {
      "component_groups": [
        "animated_active"
      ]
    }
  },
  "new:bow_function": {
    "sequence": [
      {
        "filters": {
          "test": "has_equipment",
          "subject": "self",
          "operator": "==",
          "domain": "hand",
          "value": "new:stone_bow"
        },
        "add": {
          "component_groups": [
            "stone_bow"

          ]
        }
      },
      {


        "filters": {
          "test": "has_equipment",
          "subject": "self",
          "operator": "==",
          "domain": "hand",
          "value": "new:sponge_bow"
        },
        "add": {
          "component_groups": [
            "sponge_bow"

          ]
        }
      },
      {
        "filters": {
          "test": "has_equipment",
          "subject": "self",
          "operator": "==",
          "domain": "hand",
          "value": "new:slime_bow"
        },
        "add": {
          "component_groups": [
            "slime_bow"

          ]
        }
      },
      {
        "filters": {
          "test": "has_equipment",
          "subject": "self",
          "operator": "==",
          "domain": "hand",
          "value": "new:redstone_bow"
        },
        "add": {
          "component_groups": [
            "redstone_bow"

          ]
        }
      },
      {
        "filters": {
          "test": "has_equipment",
          "subject": "self",
          "operator": "==",
          "domain": "hand",
          "value": "new:lapis_bow"
        },
        "add": {
          "component_groups": [
            "lapis_bow"

          ]
        }
      },
      {
        "filters": {
          "test": "has_equipment",
          "subject": "self",
          "operator": "==",
          "domain": "hand",
          "value": "new:iron_bow"
        },
        "add": {
          "component_groups": [
            "iron_bow"

          ]
        }
      },
      {
        "filters": {
          "test": "has_equipment",
          "subject": "self",
          "operator": "==",
          "domain": "hand",
          "value": "new:diamond_bow"
        },
        "add": {
          "component_groups": [
            "diamond_bow"

          ]
        }
      },
      {
        "filters": {
          "test": "has_equipment",
          "subject": "self",
          "operator": "==",
          "domain": "hand",
          "value": "new:gold_bow"
        },
        "add": {
          "component_groups": [
            "gold_bow"

          ]
        }
      },
      {

        "filters": {
          "test": "has_equipment",
          "subject": "self",
          "operator": "==",
          "domain": "hand",
          "value": "new:mini_bow"
        },
        "add": {
          "component_groups": [
            "mini_bow"

          ]
        }
      },
      {
        "filters": {
          "test": "has_equipment",
          "subject": "self",
          "operator": "==",
          "domain": "hand",
          "value": "new:smoke_bow"
        },
        "add": {
          "component_groups": [
            "smoke_bow"
          ]
        }
      },
      {
        "filters": {
          "test": "has_equipment",
          "subject": "self",
          "operator": "==",
          "domain": "hand",
          "value": "new:magnet_bow"
        },
        "add": {
          "component_groups": [
            "magnet_bow"
          ]
        }
      },
      {
        "filters": {
          "test": "has_equipment",
          "subject": "self",
          "operator": "==",
          "domain": "hand",
          "value": "new:shulker_bow"
        },
        "add": {
          "component_groups": [
            "shulker_bow"
          ]
        }
      },
      {
        "filters": {
          "test": "has_equipment",
          "subject": "self",
          "operator": "==",
          "domain": "hand",
          "value": "new:long_bow"
        },
        "add": {
          "component_groups": [
            "long_bow"
          ]
        }
      },
      {
        "filters": {
          "test": "has_equipment",
          "subject": "self",
          "operator": "==",
          "domain": "hand",
          "value": "new:ender_bow"
        },
        "add": {
          "component_groups": [
            "ender_bow"
          ]
        }
      },
      {
        "filters": {
          "test": "has_equipment",
          "subject": "self",
          "operator": "==",
          "domain": "hand",
          "value": "new:remote_bow"
        },
        "add": {
          "component_groups": [
            "remote_bow"
          ]
        }
      },
      {
        "filters": {
          "test": "has_equipment",
          "subject": "self",
          "operator": "==",
          "domain": "hand",
          "value": "new:glowstone_bow"
        },
        "add": {
          "component_groups": [
            "glowstone_bow"
          ]
        }
      },
      {
        "filters": {
          "test": "has_equipment",
          "subject": "self",
          "operator": "==",
          "domain": "hand",
          "value": "new:thunder_bow"
        },
        "add": {
          "component_groups": [
            "thunder_bow"
          ]
        }
      },
      {
        "filters": {
          "test": "has_equipment",
          "subject": "self",
          "operator": "==",
          "domain": "hand",
          "value": "new:spider_bow"
        },
        "add": {
          "component_groups": [
            "spider_bow"
          ]
        }
      },
      {
        "filters": {
          "test": "has_equipment",
          "subject": "self",
          "operator": "==",
          "domain": "hand",
          "value": "new:knockback_bow"
        },
        "add": {
          "component_groups": [
            "knockback_bow"
          ]
        }
      },
      {
        "filters": {
          "test": "has_equipment",
          "subject": "self",
          "operator": "==",
          "domain": "hand",
          "value": "new:health_bow"
        },
        "add": {
          "component_groups": [
            "health_bow"
          ]
        }
      },
      {
        "filters": {
          "test": "has_equipment",
          "subject": "self",
          "operator": "==",
          "domain": "hand",
          "value": "new:blaze_bow"
        },
        "add": {
          "component_groups": [
            "blaze_bow"
          ]
        }
      },
      {
        "filters": {
          "test": "has_equipment",
          "subject": "self",
          "operator": "==",
          "domain": "hand",
          "value": "new:explosive_bow"
        },
        "add": {
          "component_groups": [
            "explosive_bow"
          ]
        }
      },
      {
        "filters": {
          "test": "has_equipment",
          "subject": "self",
          "operator": "==",
          "domain": "hand",
          "value": "new:ice_bow"
        },
        "add": {
          "component_groups": [
            "ice_bow"
          ]
        }
      }
    ]
},
"minecraft:gain_bad_omen": {
  "add": {
    "component_groups": [
      "minecraft:add_bad_omen"
    ]
  }
},
"minecraft:clear_add_bad_omen": {
  "remove": {
    "component_groups": [
      "minecraft:add_bad_omen"
    ]
  },
  "add": {
    "component_groups": [
      "minecraft:clear_bad_omen_spell_effect"
    ]
  }
},
"minecraft:trigger_raid": {
  "add": {
    "component_groups": [ "minecraft:raid_trigger" ]
  }
},
"minecraft:remove_raid_trigger": {
  "remove": {
    "component_groups": [ "minecraft:raid_trigger" ]
  }
}
}
}
}




