{
  "format_version": "1.12",
  "minecraft:recipe_shaped": {
    "description": {
    "identifier": "amep:spawn_nreactor"
    },

    
    "tags": [ "crafting_table" ],
    "pattern": [
      "IDI",
      "DMD",
      "IDI"
    ],
    "key": {
      "I": {
        "item": "amep:netherite_gear"
      },
      "D": {
        "item": "amep:diamond_circuit"
      },
      "M": {
        "item": "amep:spawn_reactor_0"
      }
    },
    "result": {
      "item": "amep:spawn_nreactor"
    }
  }
}
