{
  "format_version": "1.12",
  "minecraft:recipe_shaped": {
    "description": {
    "identifier": "amep:spawn_pylon"
    },

    
    "tags": [ "crafting_table" ],
    "pattern": [
      "RRR",
      "DED",
      "III"
    ],
    "key": {
      "D": {
        "item": "minecraft:diamond_block"
      },
      "E": {
        "item": "minecraft:ender_eye"
      },
      "I": {
        "item": "minecraft:iron_block"
      },
      "R": {
        "item": "minecraft:redstone_block"
      }
    },
    "result": {
      "item": "spawn_egg",
      "data": "query.get_actor_info_id('amep:teleport_pylon')"
    }
  }
}
