{
  "format_version": "1.12",
  "minecraft:recipe_shaped": {
    "description": {
    "identifier": "amep:spawn_matter_randomizer"
    },

    "tags": [ "crafting_table" ],
    "pattern": [
      "BAB",
      "RAF",
      "BAB"
    ],
    "key": {
      "B": {
        "item": "minecraft:gold_block"
      },
      "A": {
        "item": "minecraft:iron_block"
      },
      "R": {
        "item": "minecraft:fishing_rod"
      },
      "F": {
        "item": "minecraft:diamond"
      }
    },
    "result": {
      "item": "amep:spawn_matter_randomizer"
    }
  }
}
