{
  "format_version": "1.12",
  "minecraft:recipe_shaped": {
    "description": {
    "identifier": "amep:spawn_pump"
    },

    
    "tags": [ "crafting_table" ],
    "pattern": [
      "IRI",
      "IBI",
      "DRD"
    ],
    "key": {
      "B": {
        "item": "minecraft:iron_block"
      },
      "D": {
        "item": "minecraft:glass"
      },
      "I": {
        "item": "minecraft:bucket"
      },
      "R": {
        "item": "minecraft:redstone"
      }
    },
    "result": {
      "item": "amep:spawn_pump"
    }
  }
}
