{
  "format_version": "1.12",
  "minecraft:recipe_shaped": {
    "description": {
      "identifier": "new:blaze_arrow"
    },
    "tags": ["bow_table"],
    "pattern": [
      "SP#",
      "   ",
      "   "
    ],
    "key": {
      "P": {
        "item": "minecraft:arrow"
      },
      "#": {
        "item": "minecraft:blaze_powder"
      },
      "S": {
        "item": "minecraft:feather"
      }
    },
    "result": {
      "item": "new:blaze_arrow",
      "count": 1
    }
  }
}