{

  "format_version": "1.16.100",

  "minecraft:item": {
	"description": {
      "identifier": "new:glowstone_arrow",
      "category": "Equipment"
    },
    "components": {
	  	"minecraft:creative_category": {
		  	"parent": "itemGroup.name.equipment"
	    },
      "minecraft:display_name": {},
      "minecraft:icon": {
        "texture": "glowstone_arrow"
      },
      "tag:new:is_custom_arrow":{},
      "minecraft:max_stack_size": 64,
      "minecraft:foil": false,
      "minecraft:hand_equipped": false
	 },
	 "events": {
	 }
  }
}