{
	"format_version": "1.10.0",
	"animation_controllers": {
		"controller.animation.bow_function": {
			"states": {
				"default": {
					"transitions": [
						{
							"blaze_bow": "query.is_item_name_any('slot.weapon.mainhand', 'new:blaze_bow') && query.is_using_item"
						},
						{

							"diamond_bow": "query.is_item_name_any('slot.weapon.mainhand', 'new:diamond_bow') && query.is_using_item"
						},
						{
							"iron_bow": "query.is_item_name_any('slot.weapon.mainhand', 'new:iron_bow') && query.is_using_item"
						},
						{
							"gold_bow": "query.is_item_name_any('slot.weapon.mainhand', 'new:gold_bow') && query.is_using_item"
						},
						{
							"lapis_bow": "query.is_item_name_any('slot.weapon.mainhand', 'new:lapis_bow') && query.is_using_item"
						},
						{
							"redstone_bow": "query.is_item_name_any('slot.weapon.mainhand', 'new:redstone_bow') && query.is_using_item"
						},
						{
							"sponge_bow": "query.is_item_name_any('slot.weapon.mainhand', 'new:sponge_bow') && query.is_using_item"
						},
						{
							"slime_bow": "query.is_item_name_any('slot.weapon.mainhand', 'new:slime_bow') && query.is_using_item"
						},
						{
							"stone_bow": "query.is_item_name_any('slot.weapon.mainhand', 'new:stone_bow') && query.is_using_item"
						},
						{

							"mini_bow": "query.is_item_name_any('slot.weapon.mainhand', 'new:mini_bow') && query.is_using_item"
						},
						{
							"health_bow": "query.is_item_name_any('slot.weapon.mainhand', 'new:health_bow') && query.is_using_item"
						},
						{
							"thunder_bow": "query.is_item_name_any('slot.weapon.mainhand', 'new:thunder_bow') && query.is_using_item"
						},
						{
							"shulker_bow": "query.is_item_name_any('slot.weapon.mainhand', 'new:shulker_bow') && query.is_using_item"
						},
						{
							"miner_bow": "query.is_item_name_any('slot.weapon.mainhand', 'new:remote_bow') && query.is_using_item"
						},
						{
							"ice_bow": "query.is_item_name_any('slot.weapon.mainhand', 'new:ice_bow') && query.is_using_item"
						},
						{
							"explosive_bow": "query.is_item_name_any('slot.weapon.mainhand', 'new:explosive_bow') && query.is_using_item"
						},
						{
							"glowstone_bow": "query.is_item_name_any('slot.weapon.mainhand', 'new:glowstone_bow') && query.is_using_item"
						},
						{
							"long_bow": "query.is_item_name_any('slot.weapon.mainhand', 'new:long_bow') && query.is_using_item"
						},
						{
							"knockback_bow": "query.is_item_name_any('slot.weapon.mainhand', 'new:knockback_bow') && query.is_using_item"
						},
						{
							"spider_bow": "query.is_item_name_any('slot.weapon.mainhand', 'new:spider_bow') && query.is_using_item"
						},
						{
							"wither_bow": "query.is_item_name_any('slot.weapon.mainhand', 'new:smoke_bow') && query.is_using_item"
						},
						{
							"magnet_bow": "query.is_item_name_any('slot.weapon.mainhand', 'new:magnet_bow') && query.is_using_item"
						},
						{
							"ender_bow": "query.is_item_name_any('slot.weapon.mainhand', 'new:ender_bow') && query.is_using_item"
						}
					]
				},
				"ender_bow": {
					"transitions": [
						{
							"default": "!query.is_using_item"
						}
					],
					"on_entry":[
						"/event entity @s[scores={ender_bow=1}]  new:bow_actived",
						"/event entity @s[scores={ender_bow=0}] new:bow_desactived",
						"/tag @s[scores={ender_bow=1}] add using",
						"/event entity @s[scores={ender_bow=1}] new:animated_active"
					],
					"on_exit":[
						"/effect @s[scores={ender_bow=1}] resistance 1 255 true",
						"/tag @s[scores={ender_bow=1}] remove using",
						"/event entity @s[scores={ender_bow=1}] new:bow_animated_return",
						"/clear @s[m=!1,scores={ender_bow=1}] new:ender_arrow 0 1",
						"/event entity @s[scores={ender_bow=1}] new:bow_function",
						"/execute @s[scores={ender_bow=1}] ~~~ /playsound mob.endermen.portal @a[r=7] ~~~ 4 1 4",
						"/event entity @s[scores={ender_bow=1}] new:remove_animated_active"
					]
				},

				"diamond_bow": {
					"transitions": [
						{
							"default": "!query.is_using_item"
						}
					],
					"on_entry":[
						"/event entity @s[scores={bow=1}]  new:bow_actived",
						"/event entity @s[scores={bow=0}] new:bow_desactived",

						"/tag @s[scores={bow=1}] add using",
						"/event entity @s[scores={bow=1}] new:animated_active"
					],
					"on_exit":[
						"/tag @s[scores={bow=1}] remove using",
						"/event entity @s[scores={bow=1}] new:bow_animated_return",
						"/clear @s[m=!1,scores={bow=1}] arrow 0 1",
						"/event entity @s[scores={bow=1}] new:bow_function",
						"/execute @s[scores={bow=1}] ~~~ /playsound random.bow @a[r=7] ~~~ 4 1 4",
						"/event entity @s[scores={bow=1}] new:remove_animated_active"
					]
				},
				"stone_bow": {
					"transitions": [
						{
							"default": "!query.is_using_item"
						}
					],
					"on_entry":[
						"/event entity @s[scores={bow=1}]  new:bow_actived",
						"/event entity @s[scores={bow=0}] new:bow_desactived",

						"/tag @s[scores={bow=1}] add using",
						"/event entity @s[scores={bow=1}] new:animated_active"
					],
					"on_exit":[
						"/tag @s[scores={bow=1}] remove using",
						"/event entity @s[scores={bow=1}] new:bow_animated_return",
						"/clear @s[m=!1,scores={bow=1}] arrow 0 1",
						"/event entity @s[scores={bow=1}] new:bow_function",
						"/execute @s[scores={bow=1}] ~~~ /playsound random.bow @a[r=7] ~~~ 4 1 4",
						"/event entity @s[scores={bow=1}] new:remove_animated_active"
					]
				},
				"iron_bow": {
					"transitions": [
						{
							"default": "!query.is_using_item"
						}
					],
					"on_entry":[
						"/event entity @s[scores={bow=1}]  new:bow_actived",
						"/event entity @s[scores={bow=0}] new:bow_desactived",

						"/tag @s[scores={bow=1}] add using",
						"/event entity @s[scores={bow=1}] new:animated_active"
					],
					"on_exit":[
						"/tag @s[scores={bow=1}] remove using",
						"/event entity @s[scores={bow=1}] new:bow_animated_return",
						"/clear @s[m=!1,scores={bow=1}] arrow 0 1",
						"/event entity @s[scores={bow=1}] new:bow_function",
						"/execute @s[scores={bow=1}] ~~~ /playsound random.bow @a[r=7] ~~~ 4 1 4",
						"/event entity @s[scores={bow=1}] new:remove_animated_active"
					]
				},
				"gold_bow": {
					"transitions": [
						{
							"default": "!query.is_using_item"
						}
					],
					"on_entry":[
						"/event entity @s[scores={bow=1}]  new:bow_actived",
						"/event entity @s[scores={bow=0}] new:bow_desactived",

						"/tag @s[scores={bow=1}] add using",
						"/event entity @s[scores={bow=1}] new:animated_active"
					],
					"on_exit":[
						"/tag @s[scores={bow=1}] remove using",
						"/event entity @s[scores={bow=1}] new:bow_animated_return",
						"/clear @s[m=!1,scores={bow=1}] arrow 0 1",
						"/event entity @s[scores={bow=1}] new:bow_function",
						"/execute @s[scores={bow=1}] ~~~ /playsound random.bow @a[r=7] ~~~ 4 1 4",
						"/event entity @s[scores={bow=1}] new:remove_animated_active"
					]
				},
				"lapis_bow": {
					"transitions": [
						{
							"default": "!query.is_using_item"
						}
					],
					"on_entry":[
						"/event entity @s[scores={bow=1}]  new:bow_actived",
						"/event entity @s[scores={bow=0}] new:bow_desactived",

						"/tag @s[scores={bow=1}] add using",
						"/event entity @s[scores={bow=1}] new:animated_active"
					],
					"on_exit":[
						"/tag @s[scores={bow=1}] remove using",
						"/event entity @s[scores={bow=1}] new:bow_animated_return",
						"/clear @s[m=!1,scores={bow=1}] arrow 0 1",
						"/event entity @s[scores={bow=1}] new:bow_function",
						"/execute @s[scores={bow=1}] ~~~ /playsound random.bow @a[r=7] ~~~ 4 1 4",
						"/event entity @s[scores={bow=1}] new:remove_animated_active"
					]
				},
				"redstone_bow": {
					"transitions": [
						{
							"default": "!query.is_using_item"
						}
					],
					"on_entry":[
						"/event entity @s[scores={bow=1}]  new:bow_actived",
						"/event entity @s[scores={bow=0}] new:bow_desactived",

						"/tag @s[scores={bow=1}] add using",
						"/event entity @s[scores={bow=1}] new:animated_active"
					],
					"on_exit":[
						"/tag @s[scores={bow=1}] remove using",
						"/event entity @s[scores={bow=1}] new:bow_animated_return",
						"/clear @s[m=!1,scores={bow=1}] arrow 0 1",
						"/event entity @s[scores={bow=1}] new:bow_function",
						"/execute @s[scores={bow=1}] ~~~ /playsound random.bow @a[r=7] ~~~ 4 1 4",
						"/event entity @s[scores={bow=1}] new:remove_animated_active"
					]
				},
				"slime_bow": {
					"transitions": [
						{
							"default": "!query.is_using_item"
						}
					],
					"on_entry":[
						"/event entity @s[scores={bow=1}]  new:bow_actived",
						"/event entity @s[scores={bow=0}] new:bow_desactived",

						"/tag @s[scores={bow=1}] add using",
						"/event entity @s[scores={bow=1}] new:animated_active"
					],
					"on_exit":[
						"/tag @s[scores={bow=1}] remove using",
						"/event entity @s[scores={bow=1}] new:bow_animated_return",
						"/clear @s[m=!1,scores={bow=1}] arrow 0 1",
						"/event entity @s[scores={bow=1}] new:bow_function",
						"/execute @s[scores={bow=1}] ~~~ /playsound hit.slime.bow @a[r=7] ~~~ 4 1 4",
						"/event entity @s[scores={bow=1}] new:remove_animated_active"
					]
				},
				"sponge_bow": {
					"transitions": [
						{
							"default": "!query.is_using_item"
						}
					],
					"on_entry":[
						"/event entity @s[scores={bow=1}]  new:bow_actived",
						"/event entity @s[scores={bow=0}] new:bow_desactived",

						"/tag @s[scores={bow=1}] add using",
						"/event entity @s[scores={bow=1}] new:animated_active"
					],
					"on_exit":[
						"/tag @s[scores={bow=1}] remove using",
						"/event entity @s[scores={bow=1}] new:bow_animated_return",
						"/clear @s[m=!1,scores={bow=1}] arrow 0 1",
						"/event entity @s[scores={bow=1}] new:bow_function",
						"/execute @s[scores={bow=1}] ~~~ /playsound random.bow @a[r=7] ~~~ 4 1 4",
						"/event entity @s[scores={bow=1}] new:remove_animated_active"
					]
				},




				"mini_bow": {
					"transitions": [
						{
							"default": "!query.is_using_item"
						}
					],
					"on_entry":[
						"/event entity @s[scores={mini_bow=1}]  new:bow_actived",
						"/event entity @s[scores={mini_bow=0}] new:bow_desactived",
						"/tag @s[scores={mini_bow=1}] add using",
						"/event entity @s[scores={mini_bow=1}] new:animated_active"
					],
					"on_exit":[
						"/tag @s[scores={mini_bow=1}] remove using",
						"/event entity @s[scores={mini_bow=1}] new:bow_animated_return",
						"/clear @s[m=!1,scores={mini_bow=1}] new:mini_arrow 0 1",
						"/event entity @s[scores={mini_bow=1}] new:bow_function",
						"/execute @s[scores={mini_bow=1}] ~~~ /playsound random.bow @a[r=7] ~~~ 4 1 4",
						"/event entity @s[scores={mini_bow=1}] new:remove_animated_active"
					]
				},
				"thunder_bow": {
					"transitions": [
						{
							"default": "!query.is_using_item"
						}
					],
					"on_entry":[
						"/event entity @s[scores={thunder_bow=1}]  new:bow_actived",
						"/event entity @s[scores={thunder_bow=0}] new:bow_desactived",
						"/tag @s[scores={thunder_bow=1}] add using",
						"/event entity @s[scores={thunder_bow=1}] new:animated_active"
					],
					"on_exit":[
						"/tag @s[scores={thunder_bow=1}] remove using",
						"/event entity @s[scores={thunder_bow=1}] new:bow_animated_return",
						"/clear @s[m=!1,scores={thunder_bow=1}] new:thunder_arrow 0 1",
						"/event entity @s[scores={thunder_bow=1}] new:bow_function",
						"/execute @s[scores={thunder_bow=1}] ~~~ /playsound ambient.weather.thunder @a[r=7] ~~~ 4 1 4",
						"/event entity @s[scores={thunder_bow=1}] new:remove_animated_active"
					]
				},
				"shulker_bow": {
					"transitions": [
						{
							"default": "!query.is_using_item"
						}
					],
					"on_entry":[
						"/event entity @s[scores={shulker_bow=1}]  new:bow_actived",
						"/event entity @s[scores={shulker_bow=0}] new:bow_desactived",
						"/tag @s[scores={shulker_bow=1}] add using",
						"/event entity @s[scores={shulker_bow=1}] new:animated_active"
					],
					"on_exit":[
						"/tag @s[scores={shulker_bow=1}] remove using",
						"/event entity @s[scores={shulker_bow=1}] new:bow_animated_return",
						"/clear @s[m=!1,scores={shulker_bow=1}] new:shulker_arrow 0 1",
						"/event entity @s[scores={shulker_bow=1}] new:bow_function",
						"/execute @s[scores={shulker_bow=1}] ~~~ /playsound mob.shulker.shoot @a[r=7] ~~~ 4 1 4",
						"/event entity @s[scores={shulker_bow=1}] new:remove_animated_active"
					]
				},
				"miner_bow": {
					"transitions": [
						{
							"default": "!query.is_using_item"
						}
					],
					"on_entry":[
						"/event entity @s[scores={miner_bow=1}]  new:bow_actived",
						"/event entity @s[scores={miner_bow=0}] new:bow_desactived",
						"/tag @s[scores={miner_bow=1}] add using",
						"/event entity @s[scores={miner_bow=1}] new:animated_active"
					],
					"on_exit":[
						"/tag @s[scores={miner_bow=1}] remove using",
						"/event entity @s[scores={miner_bow=1}] new:bow_animated_return",
						"/clear @s[m=!1,scores={miner_bow=1}] new:miner_arrow 0 1",
						"/event entity @s[scores={miner_bow=1}] new:bow_function",
						"/execute @s[scores={miner_bow=1}] ~~~ /playsound random.bow @a[r=7] ~~~ 4 1 4",
						"/event entity @s[scores={miner_bow=1}] new:remove_animated_active"
					]
				},
				"long_bow": {
					"transitions": [
						{
							"default": "!query.is_using_item"
						}
					],
					"on_entry":[
						"/event entity @s[scores={long_bow=1}]  new:bow_actived",
						"/event entity @s[scores={long_bow=0}] new:bow_desactived",
						"/tag @s[scores={long_bow=1}] add using",
						"/event entity @s[scores={long_bow=1}] new:animated_active"
					],
					"on_exit":[
						"/tag @s[scores={long_bow=1}] remove using",
						"/event entity @s[scores={long_bow=1}] new:bow_animated_return",
						"/clear @s[m=!1,scores={long_bow=1}] arrow 0 3",
						"/event entity @s[scores={long_bow=1}] new:bow_function",
						"/execute @s[scores={long_bow=1}] ~~~ /playsound random.bow @a[r=7] ~~~ 4 1 4",
						"/event entity @s[scores={long_bow=1}] new:remove_animated_active"
					]
				},
				"explosive_bow": {
					"transitions": [
						{
							"default": "!query.is_using_item"
						}
					],
					"on_entry":[
						"/event entity @s[scores={tnt_bow=1}]  new:bow_actived",
						"/event entity @s[scores={tnt_bow=0}] new:bow_desactived",
						"/tag @s[scores={tnt_bow=1}] add using",
						"/event entity @s[scores={tnt_bow=1}] new:animated_active"
					],
					"on_exit":[
						"/tag @s[scores={tnt_bow=1}] remove using",
						"/event entity @s[scores={tnt_bow=1}] new:bow_animated_return",
						"/clear @s[m=!1,scores={tnt_bow=1}] new:explosive_arrow 0 1",
						"/event entity @s[scores={tnt_bow=1}] new:bow_function",
						"/execute @s[scores={tnt_bow=1}] ~~~ /playsound random.bow @a[r=7] ~~~ 4 1 4",
						"/event entity @s[scores={tnt_bow=1}] new:remove_animated_active"
					]
				},
				"glowstone_bow": {
					"transitions": [
						{
							"default": "!query.is_using_item"
						}
					],
					"on_entry":[
						"/event entity @s[scores={glowstone_bow=1}]  new:bow_actived",
						"/event entity @s[scores={glowstone_bow=0}] new:bow_desactived",
						"/tag @s[scores={glowstone_bow=1}] add using",
						"/event entity @s[scores={glowstone_bow=1}] new:animated_active"
					],
					"on_exit":[
						"/tag @s[scores={glowstone_bow=1}] remove using",
						"/event entity @s[scores={glowstone_bow=1}] new:bow_animated_return",
						"/clear @s[m=!1,scores={glowstone_bow=1}] new:glowstone_arrow 0 1",
						"/event entity @s[scores={glowstone_bow=1}] new:bow_function",
						"/execute @s[scores={glowstone_bow=1}] ~~~ /playsound random.bow @a[r=7] ~~~ 4 1 4",
						"/event entity @s[scores={glowstone_bow=1}] new:remove_animated_active"
					]
				},
				"knockback_bow": {
					"transitions": [
						{
							"default": "!query.is_using_item"
						}
					],
					"on_entry":[
						"/event entity @s[scores={bow=1}]  new:bow_actived",
						"/event entity @s[scores={bow=0}] new:bow_desactived",
						"/tag @s[scores={bow=1}] add using",
						"/event entity @s[scores={bow=1}] new:animated_active"
					],
					"on_exit":[
						"/tag @s[scores={bow=1}] remove using",
						"/event entity @s[scores={bow=1}] new:bow_animated_return",
						"/clear @s[m=!1,scores={bow=1}] arrow 0 1",
						"/event entity @s[scores={bow=1}] new:bow_function",
						"/execute @s[scores={bow=1}] ~~~ /playsound random.bow @a[r=7] ~~~ 4 1 4",
						"/event entity @s[scores={bow=1}] new:remove_animated_active"
					]
				},
				"spider_bow": {
					"transitions": [
						{
							"default": "!query.is_using_item"
						}
					],
					"on_entry":[
						"/event entity @s[scores={bow=1}]  new:bow_actived",
						"/event entity @s[scores={bow=0}] new:bow_desactived",
						"/tag @s[scores={bow=1}] add using",
						"/event entity @s[scores={bow=1}] new:animated_active"
					],
					"on_exit":[
						"/tag @s[scores={bow=1}] remove using",
						"/event entity @s[scores={bow=1}] new:bow_animated_return",
						"/clear @s[m=!1,scores={bow=1}] arrow 0 1",
						"/event entity @s[scores={bow=1}] new:bow_function",
						"/execute @s[scores={bow=1}] ~~~ /playsound random.bow @a[r=7] ~~~ 4 1 4",
						"/event entity @s[scores={bow=1}] new:remove_animated_active"
					]
				},
				"wither_bow": {
					"transitions": [
						{
							"default": "!query.is_using_item"
						}
					],
					"on_entry":[
						"/event entity @s[scores={bow=1}]  new:bow_actived",
						"/event entity @s[scores={bow=0}] new:bow_desactived",
						"/tag @s[scores={bow=1}] add using",
						"/event entity @s[scores={bow=1}] new:animated_active"
					],
					"on_exit":[
						"/tag @s[scores={bow=1}] remove using",
						"/event entity @s[scores={bow=1}] new:bow_animated_return",
						"/clear @s[m=!1,scores={bow=1}] arrow 0 1",
						"/event entity @s[scores={bow=1}] new:bow_function",
						"/execute @s[scores={bow=1}] ~~~ /playsound mob.wither.shoot @a[r=7] ~~~ 4 1 4",
						"/event entity @s[scores={bow=1}] new:remove_animated_active"
					]
				},
				"magnet_bow": {
					"transitions": [
						{
							"default": "!query.is_using_item"
						}
					],
					"on_entry":[
						"/event entity @s[scores={magnet_bow=1}]  new:bow_actived",
						"/event entity @s[scores={magnet_bow=0}] new:bow_desactived",
						"/tag @s[scores={magnet_bow=1}] add using",
						"/event entity @s[scores={magnet_bow=1}] new:animated_active"
					],
					"on_exit":[
						"/tag @s[scores={magnet_bow=1}] remove using",
						"/event entity @s[scores={magnet_bow=1}] new:bow_animated_return",
						"/clear @s[m=!1,scores={magnet_bow=1}] new:magnet_arrow 0 1",
						"/event entity @s[scores={magnet_bow=1}] new:bow_function",
						"/execute @s[scores={magnet_bow=1}] ~~~ /playsound random.bow @a[r=7] ~~~ 4 1 4",
						"/event entity @s[scores={magnet_bow=1}] new:remove_animated_active"
					]
				},
				"health_bow": {
					"transitions": [
						{
							"default": "!query.is_using_item"
						}
					],
					"on_entry":[
						"/event entity @s[scores={bow=1}]  new:bow_actived",
						"/event entity @s[scores={bow=0}] new:bow_desactived",
						"/tag @s[scores={bow=1}] add using",
						"/event entity @s[scores={bow=1}] new:animated_active"
					],
					"on_exit":[
						"/tag @s[scores={bow=1}] remove using",
						"/event entity @s[scores={bow=1}] new:bow_animated_return",
						"/clear @s[m=!1,scores={bow=1}] arrow 0 1",
						"/event entity @s[scores={bow=1}] new:bow_function",
						"/execute @s[scores={bow=1}] ~~~ /playsound random.bow @a[r=7] ~~~ 4 1 4",
						"/event entity @s[scores={bow=1}] new:remove_animated_active"
					]
				},
				"ice_bow": {
					"transitions": [
						{
							"default": "!query.is_using_item"
						}
					],
					"on_entry":[
						"/event entity @s[scores={ice_bow=1}]  new:bow_actived",
						"/event entity @s[scores={ice_bow=0}] new:bow_desactived",
						"/tag @s[scores={ice_bow=1}] add using",
						"/event entity @s[scores={ice_bow=1}] new:animated_active"
					],
					"on_exit":[
						"/tag @s[scores={ice_bow=1}] remove using",
						"/event entity @s[scores={ice_bow=1}] new:bow_animated_return",
						"/clear @s[m=!1,scores={ice_bow=1}] new:ice_arrow 0 1",
						"/event entity @s[scores={ice_bow=1}] new:bow_function",
						"/execute @s[scores={ice_bow=1}] ~~~ /playsound random.bow @a[r=7] ~~~ 4 1 4",
						"/event entity @s[scores={ice_bow=1}] new:remove_animated_active"
					]
				},
				"blaze_bow": {
					"transitions": [
						{
							"default": "!query.is_using_item"
						}
					],
					"on_entry":[
						"/event entity @s[scores={blaze_bow=1}]  new:bow_actived",
						"/event entity @s[scores={blaze_bow=0}] new:bow_desactived",
						"/tag @s[scores={blaze_bow=1}] add using",
						"/event entity @s[scores={blaze_bow=1}] new:animated_active"
					],
					"on_exit":[
						"/tag @s[scores={blaze_bow=1}] remove using",
						"/event entity @s[scores={blaze_bow=1}] new:bow_animated_return",
						"/clear @s[m=!1,scores={blaze_bow=1}] new:blaze_arrow 0 1",
						"/event entity @s[scores={blaze_bow=1}] new:bow_function",
						"/execute @s[scores={blaze_bow=1}] ~~~ /playsound fire.ignite @a[r=7] ~~~ 4 1 4",
						"/event entity @s[scores={blaze_bow=1}] new:remove_animated_active"
					]
				}
			}
		},
		"controller.animation.arrow_particle": {
			"states": {
				"default": {
					"transitions": [
						{
							"bow": "1.0"
						}
					]
				},
				"bow": {
					"transitions": [
						{
							"default": "1.0"
						}
					],
					"on_entry":[
						"@s new:particle"
					]
				}
			}
		}
	}
}