
{
  "format_version": "1.10.0",
  "animation_controllers":{
    "controller.animation.glowstone_function":{
      "states":{
        "default":{
          "transitions":[
            {
              "light": "query.is_item_name_any('slot.weapon.mainhand', 'new:glowstone_bow') || query.is_item_name_any('slot.weapon.offhand', 'new:glowstone_bow')"
            },
            {
              "no_light": "!query.is_item_name_any('slot.weapon.mainhand', 'new:glowstone_bow') || !query.is_item_name_any('slot.weapon.offhand', 'new:glowstone_bow')"
            }
          ]
        },
        "light":{
          "transitions":[
            {
              "default": "1.0"
            }
          ],
          "on_entry":[
            "/setblock ~ ~ ~ light_block 7 keep",
            "/fill ~4 ~1 ~4 ~-4 ~4 ~-4 air 0 replace light_block 7",
            "/fill ~4 ~-1 ~4 ~-4 ~-2 ~-4 air 0 replace light_block 7",
            "/fill ~4 ~ ~4 ~1 ~ ~1 air 0 replace light_block 7",
            "/fill ~-4 ~ ~-4 ~-1 ~ ~-1 air 0 replace light_block 7",
            "/fill ~4 ~ ~-4 ~1 ~ ~-1 air 0 replace light_block 7",
            "/fill ~-4 ~ ~4 ~-1 ~ ~1 air 0 replace light_block 7",
            "/fill ~-4 ~ ~ ~-1 ~ ~ air 0 replace light_block 7",
            "/fill ~4 ~ ~ ~1 ~ ~ air 0 replace light_block 7",
            "/fill ~ ~ ~-4 ~ ~ ~-1 air 0 replace light_block 7",
            "/fill ~ ~ ~4 ~ ~ ~1 air 0 replace light_block 7"
          ]
        },
        "no_light":{
          "transitions":[
            {
              "default": "query.is_item_name_any('slot.weapon.mainhand', 'new:glowstone_bow') || query.is_item_name_any('slot.weapon.offhand', 'new:glowstone_bow')"
            }
          ],
          "on_entry":[
           "/fill ~4 ~4 ~4 ~-4 ~-2 ~-4 air 0 replace light_block 7"
         ]
        }
      }
    }
  }}