{
   "format_version":"1.16.210",
   "minecraft:entity":{
      "description":{
         "identifier":"amep:battery0",
         "runtime_identifier": "minecraft:ender_crystal",
         "is_spawnable":true,
         "is_summonable":true,
         "is_experimental":false,
         "scripts":{
            "animate":[
               "battery"
            ]
         },
         "animations":{
            "battery":"controller.animation.battery0"
         }
      },
      "component_groups": {
         "amep:collectPower": {
            "minecraft:on_hurt": {
               "event": "amep:distributePower",
               "target": "self"
             }
         },
         "amep:distributePower": {
            "minecraft:on_hurt": {
               "event": "amep:collectPower",
               "target": "self"
             }
         }
      },
      "components":{
         "minecraft:interact": {
            "interactions": [
               {
                  "on_interact": {
                     "filters": {
                        "all_of": [
                           {
                              "test": "is_sneaking",
                              "operator": "equals",
                              "subject": "other"
                           },
                           {
                              "test": "has_equipment",
                              "domain": "hand",
                              "operator": "!=",
                              "subject": "other",
                              "value": "amep:uncharged_energyingot"
                           }
                        ]
                     },
                     "event": "amep:pickup",
                     "target": "self"
                  },
                  "swing": true
               },
               {
                  "on_interact": {
                     "filters": {
                        "all_of": [
                           {
                              "test": "is_sneaking",
                              "operator": "!=",
                              "subject": "other"
                           },
                           {
                              "test": "has_equipment",
                              "domain": "hand",
                              "operator": "!=",
                              "subject": "other",
                              "value": "amep:uncharged_energyingot"
                           }
                        ]
                     },
                     "event": "amep:showpower",
                     "target": "self"
                  },
                  "swing": true
               },
               {
                  "on_interact": {
                     "filters": {
                        "all_of": [
                           {
                              "test": "has_equipment",
                              "domain": "hand",
                              "operator": "equals",
                              "subject": "other",
                              "value": "amep:uncharged_energyingot"
                           }
                        ]
                     },
                     "event": "amep:chargeEnergyIngot",
                     "target": "self"
                  },
                  "swing": true
               }
            ]
         },
         "minecraft:persistent": {
         }
      },
      "events": {
         "minecraft:entity_spawned": {
            "add": {
               "component_groups": [
                  "amep:distributePower"
               ]
            },
            "run_command": {
               "command": ["scoreboard players set @s power 0"]
            }
         },
         "amep:collectPower": {
            "run_command": {
               "command": ["tag @s add collectPower", "function battery0/display_mode"]
            },
            "add": {
               "component_groups": [
                  "amep:collectPower"
               ]
            },
            "remove": {
               "component_groups": [
                  "amep:distributePower"
               ]
            }
         },
         "amep:distributePower": {
            "run_command": {
               "command": ["tag @s remove collectPower", "function battery0/display_mode"]
            },
            "remove": {
               "component_groups": [
                  "amep:collectPower"
               ]
            },
            "add": {
               "component_groups": [
                  "amep:distributePower"
               ]
            }
         },
         "amep:showpower": {
            "run_command": {
               "command": ["function battery0/show_power"]
            }
         },
         "amep:pickup": {
            "run_command": {
               "command": ["give @p amep:battery0_spawn_egg", "kill @s"]
            }
         },
         "amep:chargeEnergyIngot": {
            "run_command": {
               "command": [
                  "execute @s[scores={power=500000}] ~~~ clear @p amep:uncharged_energyingot 0 1",
                  "execute @s[scores={power=500000}] ~~~ give @p amep:energyingot",
                  "scoreboard players set @s[scores={power=500000}] power 0"
               ]
            }
         }
      }
   }
}