{
   "format_version":"1.8.0",
   "minecraft:entity":{
      "description":{
         "identifier":"amep:matter_randomizer_entity",
         "is_spawnable":false,
         "is_summonable":true,
         "is_experimental":false
      },
      "components":{
         "minecraft:scale":{
            "value":0
         },
         "minecraft:loot": {
            "table": "loot_tables/matter_randomizer/main.json"
         },
         "minecraft:physics": {
            "has_collision": false,
            "has_gravity": false
         }
      }
   }
}