{
	"minecraft:block": {
		"description": {
			"properties": {
				"bridge:block_rotation": [
					2,
					3,
					4,
					5
				]
			},
			"identifier": "strat:tool_forge"
		},
		"permutations": [
			{
				"condition": "query.block_property('bridge:block_rotation') == 2",
				"components": {
					"minecraft:rotation": [
						0,
						0,
						0
					]
				}
			},
			{
				"condition": "query.block_property('bridge:block_rotation') == 3",
				"components": {
					"minecraft:rotation": [
						0,
						180,
						0
					]
				}
			},
			{
				"condition": "query.block_property('bridge:block_rotation') == 4",
				"components": {
					"minecraft:rotation": [
						0,
						90,
						0
					]
				}
			},
			{
				"condition": "query.block_property('bridge:block_rotation') == 5",
				"components": {
					"minecraft:rotation": [
						0,
						270,
						0
					]
				}
			}
		],
		"components": {
			"minecraft:on_player_placing": {
				"event": "bridge:update_rotation"
			},
			"minecraft:destroy_time": 2,
			"minecraft:crafting_table": {
				"custom_description": "Tool Forge",
				"crafting_tags": [
					"tool_station",
					"tool_forge"
				],
				"grid_size": 3
			},
			"minecraft:geometry": "geometry.tool_forge",
			"minecraft:material_instances": {
				"*": {
					"texture": "strat_tool forge",
					"render_method": "alpha_test"
				}
			},
			"minecraft:block_light_filter": 0,
			"minecraft:map_color": "#3D3D3D",
			"tag:metal": {},
			"minecraft:creative_category": {
				"group": "itemGroup.name.Items",
				"category": "Items"
			}
		},
		"events": {
			"bridge:update_rotation": {
				"set_block_property": {
					"bridge:block_rotation": "query.cardinal_facing_2d"
				}
			}
		}
	},
	"format_version": "1.16.200"
}