{
   "format_version":"1.16.0",
   "minecraft:block":{
      "description":{
         "identifier":"vatonage:conveyor",
         "properties":{
            "vatonage:data":[
               2,
               3,
               4,
               5
            ]
         }
      },
      "components":{
         "minecraft:creative_category": {
		"category": "construction"
	},
         "minecraft:material_instances":{
            "*":{
               "texture":"vatonageconveyor",
               "render_method":"alpha_test"
            }
         },
         "minecraft:pick_collision":{
            "origin":[
               -8,
               0,
               -8
            ],
            "size":[
               16,
               1,
               16
            ]
         },
         "minecraft:loot": "loot_tables/blocks/conveyor.json",
         "minecraft:entity_collision":{
            "origin":[
               -8,
               0,
               -8
            ],
            "size":[
               16,
               1,
               16
            ]
         },
         "minecraft:geometry":"geometry.vatonageconveyor",
         "minecraft:destroy_time":0.5,
         "minecraft:on_player_placing":{
            "event":"vatonage:place"
         },
         "minecraft:block_light_absorption":0
      },
      "events":{
         "vatonage:place":{
            "set_block_property":{
               "vatonage:data":"(query.cardinal_facing_2d)"
            }
         },
         "vatonage:generate2":{
            "run_command":{
               "command":"setblock ~ ~ ~ vatonage:conveyors"
            }
         },
         "vatonage:generate3":{
            "run_command":{
               "command":"setblock ~ ~ ~ vatonage:conveyorw"
            }
         },
         "vatonage:generate4":{
            "run_command":{
               "command":"setblock ~ ~ ~ vatonage:conveyore"
            }
         }
      },
      "permutations":[
         {
            "condition":"query.block_property('vatonage:data') == 2",
            "components":{
               "minecraft:rotation":[
                  0,
                  0,
                  0
               ]
            }
         },
         {
            "condition":"query.block_property('vatonage:data') == 3",
            "components":{
               "minecraft:rotation":[
                  0,
                  180,
                  0
               ],
               "minecraft:ticking":{
                  "looping":true,
                  "range":[
                     0.01,
                     0.01
                  ],
                  "on_tick":{
                     "event":"vatonage:generate2",
                     "target":"self"
                  }
               }
            }
         },
         {
            "condition":"query.block_property('vatonage:data') == 4",
            "components":{
               "minecraft:rotation":[
                  0,
                  90,
                  0
               ],
               "minecraft:ticking":{
                  "looping":true,
                  "range":[
                     0.01,
                     0.01
                  ],
                  "on_tick":{
                     "event":"vatonage:generate3",
                     "target":"self"
                  }
               }
            }
         },
         {
            "condition":"query.block_property('vatonage:data') == 5",
            "components":{
               "minecraft:rotation":[
                  0,
                  270,
                  0
               ],
               "minecraft:ticking":{
                  "looping":true,
                  "range":[
                     0.01,
                     0.01
                  ],
                  "on_tick":{
                     "event":"vatonage:generate4",
                     "target":"self"
                  }
               }
            }
         }
      ]
   }
}