{
    "format_version": "1.10.0",
    "minecraft:block": {
      "description": {
        "identifier": "new:bow_table"
      },
      "components": {
    	"minecraft:crafting_table": {
		  "grid_size": 3,
		  "custom_description": "Bow Table",
		  "crafting_tags": [
			"bow_table"
		  ]
	    },
        "minecraft:destroy_time": 1,
        "minecraft:map_color": "#8B8378",
        "minecraft:flammable": {
          "flame_odds": 0,
          "burn_odds": 0
        },
        "minecraft:block_light_absorption": 1
      }
   }
}