{
  "format_version": "1.13.0",
  "minecraft:entity": {
    "description": {
      "identifier": "bps:container_entity_drop",
      "is_spawnable": true,
      "is_summonable": true,
      "is_experimental": false
    },
	"component_groups":{		
		"despawn":{
			"minecraft:instant_despawn":{}
		}
	},	
    "components": {
		"minecraft:tick_world":{
		"never_despawn": true,
		"radius": 2
		},
		"minecraft:inventory":{
		"container_type": "inventory",
		"inventory_size": 63,
		"private": false
			},
		"minecraft:damage_sensor": {
        "triggers": {
          "cause": "*",
          "deals_damage": false
        }
      },
		"minecraft:persistent":{},
	"minecraft:fire_immune": true,
	"minecraft:health": {
        "value": 1,
        "max": 1,
		"min": 1
      },
	  "minecraft:collision_box":{
	  "height": 0.3,
	  "width": 0.5
	  },
	  "minecraft:nameable":{
	  "allow_name_tag_renaming": false,
	  "always_show": false
	  },
	  "minecraft:knockback_resistance": {
        "value": 1
      },
	  "minecraft:physics": {
		"has_collision": false,
	    "has_gravity": false
      }
    },
	"events":{
		"minecraft:entity_transformed":{
			"add":{"component_groups":["despawn"]}
		}
	}
  }
}
