{
	"format_version": "1.17.10",
	"minecraft:entity": {
		"description": {
			"identifier": "net:pink_teleporter_teleport",
			"is_summonable": true,
			"is_spawnable": false
		},
		"components": {
			"minecraft:type_family": {
				"family": "pink_landing_pad"
			},
			"minecraft:collision_box": {
				"width": 0,
				"height": 0
			},
			"minecraft:physics": {
				"has_collision": false,
				"has_gravity": false
			},
			"minecraft:pushable": {
				"is_pushable": false,
				"is_pushable_by_piston": false
			},
			"minecraft:behavior.stay_while_sitting": {},
			"minecraft:fire_immune": true,
			"minecraft:movement": {
				"value": 0
			},
			"minecraft:health": {
				"value": 1,
				"min": 1
			},
			"minecraft:damage_sensor": {
				"triggers": [
					{
						"deals_damage": false
					}
				]
			},
			"minecraft:despawn": {
				"filters": {
					"operator": "!=",
					"test": "in_block",
					"value": "net:pink_landing_pad",
					"subject": "self"
				}
			}
		}
	}
}