{
   "format_version":"1.17.0",
   "minecraft:entity":{
      "description":{
         "identifier":"vatonage:storage_checker",
         "is_summonable":true,
         "is_spawnable":false
      },
      "events":{
         "vatonage:ancient_debris":{
            "run_command": {
               "command": [
                  "execute @r[type=vatonage:storage_controller_entity,r=100,scores={vsancient_debris=1..}] ~ ~ ~ tag @r[r=100,type=vatonage:storage_checker] add valid",
                  "execute @s[tag=valid] ~ ~ ~ loot spawn ~ ~100 ~ loot \"vstorage/ancient_debris\"",
                  "execute @s[tag=valid] ~ ~100 ~ tp @e[type=item,r=1] ~ ~-99.4 ~",
                  "execute @s[tag=valid] ~ ~ ~ scoreboard players remove @r[r=100,type=vatonage:storage_controller_entity,scores={vsancient_debris=1..}] vsancient_debris 1"
               ]
            }
         },
         "vatonage:apple":{
            "run_command": {
               "command": [
                  "execute @r[type=vatonage:storage_controller_entity,r=100,scores={vsapple=1..}] ~ ~ ~ tag @r[r=100,type=vatonage:storage_checker] add valid",
                  "execute @s[tag=valid] ~ ~ ~ loot spawn ~ ~100 ~ loot \"vstorage/apple\"",
                  "execute @s[tag=valid] ~ ~100 ~ tp @e[type=item,r=1] ~ ~-99.4 ~",
                  "execute @s[tag=valid] ~ ~ ~ scoreboard players remove @r[r=100,type=vatonage:storage_controller_entity,scores={vsapple=1..}] vsapple 1"
               ]
            }
         },
         "vatonage:arrow":{
            "run_command": {
               "command": [
                  "execute @r[type=vatonage:storage_controller_entity,r=100,scores={vsarrow=1..}] ~ ~ ~ tag @r[r=100,type=vatonage:storage_checker] add valid",
                  "execute @s[tag=valid] ~ ~ ~ loot spawn ~ ~100 ~ loot \"vstorage/arrow\"",
                  "execute @s[tag=valid] ~ ~100 ~ tp @e[type=item,r=1] ~ ~-99.4 ~",
                  "execute @s[tag=valid] ~ ~ ~ scoreboard players remove @r[r=100,type=vatonage:storage_controller_entity,scores={vsarrow=1..}] vsarrow 1"
               ]
            }
         },
         "vatonage:baked_potato":{
            "run_command": {
               "command": [
                  "execute @r[type=vatonage:storage_controller_entity,r=100,scores={vsbaked_potato=1..}] ~ ~ ~ tag @r[r=100,type=vatonage:storage_checker] add valid",
                  "execute @s[tag=valid] ~ ~ ~ loot spawn ~ ~100 ~ loot \"vstorage/baked_potato\"",
                  "execute @s[tag=valid] ~ ~100 ~ tp @e[type=item,r=1] ~ ~-99.4 ~",
                  "execute @s[tag=valid] ~ ~ ~ scoreboard players remove @r[r=100,type=vatonage:storage_controller_entity,scores={vsbaked_potato=1..}] vsbaked_potato 1"
               ]
            }
         },
         "vatonage:bamboo":{
            "run_command": {
               "command": [
                  "execute @r[type=vatonage:storage_controller_entity,r=100,scores={vsbamboo=1..}] ~ ~ ~ tag @r[r=100,type=vatonage:storage_checker] add valid",
                  "execute @s[tag=valid] ~ ~ ~ loot spawn ~ ~100 ~ loot \"vstorage/bamboo\"",
                  "execute @s[tag=valid] ~ ~100 ~ tp @e[type=item,r=1] ~ ~-99.4 ~",
                  "execute @s[tag=valid] ~ ~ ~ scoreboard players remove @r[r=100,type=vatonage:storage_controller_entity,scores={vsbamboo=1..}] vsbamboo 1"
               ]
            }
         },
         "vatonage:basalt":{
            "run_command": {
               "command": [
                  "execute @r[type=vatonage:storage_controller_entity,r=100,scores={vsbasalt=1..}] ~ ~ ~ tag @r[r=100,type=vatonage:storage_checker] add valid",
                  "execute @s[tag=valid] ~ ~ ~ loot spawn ~ ~100 ~ loot \"vstorage/basalt\"",
                  "execute @s[tag=valid] ~ ~100 ~ tp @e[type=item,r=1] ~ ~-99.4 ~",
                  "execute @s[tag=valid] ~ ~ ~ scoreboard players remove @r[r=100,type=vatonage:storage_controller_entity,scores={vsbasalt=1..}] vsbasalt 1"
               ]
            }
         },
         "vatonage:beef":{
            "run_command": {
               "command": [
                  "execute @r[type=vatonage:storage_controller_entity,r=100,scores={vsbeef=1..}] ~ ~ ~ tag @r[r=100,type=vatonage:storage_checker] add valid",
                  "execute @s[tag=valid] ~ ~ ~ loot spawn ~ ~100 ~ loot \"vstorage/beef\"",
                  "execute @s[tag=valid] ~ ~100 ~ tp @e[type=item,r=1] ~ ~-99.4 ~",
                  "execute @s[tag=valid] ~ ~ ~ scoreboard players remove @r[r=100,type=vatonage:storage_controller_entity,scores={vsbeef=1..}] vsbeef 1"
               ]
            }
         },
         "vatonage:beetroot":{
            "run_command": {
               "command": [
                  "execute @r[type=vatonage:storage_controller_entity,r=100,scores={vsbeetroot=1..}] ~ ~ ~ tag @r[r=100,type=vatonage:storage_checker] add valid",
                  "execute @s[tag=valid] ~ ~ ~ loot spawn ~ ~100 ~ loot \"vstorage/beetroot\"",
                  "execute @s[tag=valid] ~ ~100 ~ tp @e[type=item,r=1] ~ ~-99.4 ~",
                  "execute @s[tag=valid] ~ ~ ~ scoreboard players remove @r[r=100,type=vatonage:storage_controller_entity,scores={vsbeetroot=1..}] vsbeetroot 1"
               ]
            }
         },
         "vatonage:blaze_rod":{
            "run_command": {
               "command": [
                  "execute @r[type=vatonage:storage_controller_entity,r=100,scores={vsblaze_rod=1..}] ~ ~ ~ tag @r[r=100,type=vatonage:storage_checker] add valid",
                  "execute @s[tag=valid] ~ ~ ~ loot spawn ~ ~100 ~ loot \"vstorage/blaze_rod\"",
                  "execute @s[tag=valid] ~ ~100 ~ tp @e[type=item,r=1] ~ ~-99.4 ~",
                  "execute @s[tag=valid] ~ ~ ~ scoreboard players remove @r[r=100,type=vatonage:storage_controller_entity,scores={vsblaze_rod=1..}] vsblaze_rod 1"
               ]
            }
         },
         "vatonage:blaze_powder":{
            "run_command": {
               "command": [
                  "execute @r[type=vatonage:storage_controller_entity,r=100,scores={vsblaze_powder=1..}] ~ ~ ~ tag @r[r=100,type=vatonage:storage_checker] add valid",
                  "execute @s[tag=valid] ~ ~ ~ loot spawn ~ ~100 ~ loot \"vstorage/blaze_powder\"",
                  "execute @s[tag=valid] ~ ~100 ~ tp @e[type=item,r=1] ~ ~-99.4 ~",
                  "execute @s[tag=valid] ~ ~ ~ scoreboard players remove @r[r=100,type=vatonage:storage_controller_entity,scores={vsblaze_powder=1..}] vsblaze_powder 1"
               ]
            }
         },
         "vatonage:bone":{
            "run_command": {
               "command": [
                  "execute @r[type=vatonage:storage_controller_entity,r=100,scores={vsbone=1..}] ~ ~ ~ tag @r[r=100,type=vatonage:storage_checker] add valid",
                  "execute @s[tag=valid] ~ ~ ~ loot spawn ~ ~100 ~ loot \"vstorage/bone\"",
                  "execute @s[tag=valid] ~ ~100 ~ tp @e[type=item,r=1] ~ ~-99.4 ~",
                  "execute @s[tag=valid] ~ ~ ~ scoreboard players remove @r[r=100,type=vatonage:storage_controller_entity,scores={vsbone=1..}] vsbone 1"
               ]
            }
         },
         "vatonage:book":{
            "run_command": {
               "command": [
                  "execute @r[type=vatonage:storage_controller_entity,r=100,scores={vsbook=1..}] ~ ~ ~ tag @r[r=100,type=vatonage:storage_checker] add valid",
                  "execute @s[tag=valid] ~ ~ ~ loot spawn ~ ~100 ~ loot \"vstorage/book\"",
                  "execute @s[tag=valid] ~ ~100 ~ tp @e[type=item,r=1] ~ ~-99.4 ~",
                  "execute @s[tag=valid] ~ ~ ~ scoreboard players remove @r[r=100,type=vatonage:storage_controller_entity,scores={vsbook=1..}] vsbook 1"
               ]
            }
         },
         "vatonage:bone_meal":{
            "run_command": {
               "command": [
                  "execute @r[type=vatonage:storage_controller_entity,r=100,scores={vsbone_meal=1..}] ~ ~ ~ tag @r[r=100,type=vatonage:storage_checker] add valid",
                  "execute @s[tag=valid] ~ ~ ~ loot spawn ~ ~100 ~ loot \"vstorage/bone_meal\"",
                  "execute @s[tag=valid] ~ ~100 ~ tp @e[type=item,r=1] ~ ~-99.4 ~",
                  "execute @s[tag=valid] ~ ~ ~ scoreboard players remove @r[r=100,type=vatonage:storage_controller_entity,scores={vsbone_meal=1..}] vsbone_meal 1"
               ]
            }
         },
         "vatonage:bowl":{
            "run_command": {
               "command": [
                  "execute @r[type=vatonage:storage_controller_entity,r=100,scores={vsbowl=1..}] ~ ~ ~ tag @r[r=100,type=vatonage:storage_checker] add valid",
                  "execute @s[tag=valid] ~ ~ ~ loot spawn ~ ~100 ~ loot \"vstorage/bowl\"",
                  "execute @s[tag=valid] ~ ~100 ~ tp @e[type=item,r=1] ~ ~-99.4 ~",
                  "execute @s[tag=valid] ~ ~ ~ scoreboard players remove @r[r=100,type=vatonage:storage_controller_entity,scores={vsbowl=1..}] vsbowl 1"
               ]
            }
         },
         "vatonage:bread":{
            "run_command": {
               "command": [
                  "execute @r[type=vatonage:storage_controller_entity,r=100,scores={vsbread=1..}] ~ ~ ~ tag @r[r=100,type=vatonage:storage_checker] add valid",
                  "execute @s[tag=valid] ~ ~ ~ loot spawn ~ ~100 ~ loot \"vstorage/bread\"",
                  "execute @s[tag=valid] ~ ~100 ~ tp @e[type=item,r=1] ~ ~-99.4 ~",
                  "execute @s[tag=valid] ~ ~ ~ scoreboard players remove @r[r=100,type=vatonage:storage_controller_entity,scores={vsbread=1..}] vsbread 1"
               ]
            }
         },
         "vatonage:brick":{
            "run_command": {
               "command": [
                  "execute @r[type=vatonage:storage_controller_entity,r=100,scores={vsbrick=1..}] ~ ~ ~ tag @r[r=100,type=vatonage:storage_checker] add valid",
                  "execute @s[tag=valid] ~ ~ ~ loot spawn ~ ~100 ~ loot \"vstorage/brick\"",
                  "execute @s[tag=valid] ~ ~100 ~ tp @e[type=item,r=1] ~ ~-99.4 ~",
                  "execute @s[tag=valid] ~ ~ ~ scoreboard players remove @r[r=100,type=vatonage:storage_controller_entity,scores={vsbrick=1..}] vsbrick 1"
               ]
            }
         },
         "vatonage:cactus":{
            "run_command": {
               "command": [
                  "execute @r[type=vatonage:storage_controller_entity,r=100,scores={vscactus=1..}] ~ ~ ~ tag @r[r=100,type=vatonage:storage_checker] add valid",
                  "execute @s[tag=valid] ~ ~ ~ loot spawn ~ ~100 ~ loot \"vstorage/cactus\"",
                  "execute @s[tag=valid] ~ ~100 ~ tp @e[type=item,r=1] ~ ~-99.4 ~",
                  "execute @s[tag=valid] ~ ~ ~ scoreboard players remove @r[r=100,type=vatonage:storage_controller_entity,scores={vscactus=1..}] vscactus 1"
               ]
            }
         },
         "vatonage:bucket":{
            "run_command": {
               "command": [
                  "execute @r[type=vatonage:storage_controller_entity,r=100,scores={vsbucket=1..}] ~ ~ ~ tag @r[r=100,type=vatonage:storage_checker] add valid",
                  "execute @s[tag=valid] ~ ~ ~ loot spawn ~ ~100 ~ loot \"vstorage/bucket\"",
                  "execute @s[tag=valid] ~ ~100 ~ tp @e[type=item,r=1] ~ ~-99.4 ~",
                  "execute @s[tag=valid] ~ ~ ~ scoreboard players remove @r[r=100,type=vatonage:storage_controller_entity,scores={vsbucket=1..}] vsbucket 1"
               ]
            }
         },
         "vatonage:carrot":{
            "run_command": {
               "command": [
                  "execute @r[type=vatonage:storage_controller_entity,r=100,scores={vscarrot=1..}] ~ ~ ~ tag @r[r=100,type=vatonage:storage_checker] add valid",
                  "execute @s[tag=valid] ~ ~ ~ loot spawn ~ ~100 ~ loot \"vstorage/carrot\"",
                  "execute @s[tag=valid] ~ ~100 ~ tp @e[type=item,r=1] ~ ~-99.4 ~",
                  "execute @s[tag=valid] ~ ~ ~ scoreboard players remove @r[r=100,type=vatonage:storage_controller_entity,scores={vscarrot=1..}] vscarrot 1"
               ]
            }
         },
         "vatonage:charcoal":{
            "run_command": {
               "command": [
                  "execute @r[type=vatonage:storage_controller_entity,r=100,scores={vscharcoal=1..}] ~ ~ ~ tag @r[r=100,type=vatonage:storage_checker] add valid",
                  "execute @s[tag=valid] ~ ~ ~ loot spawn ~ ~100 ~ loot \"vstorage/charcoal\"",
                  "execute @s[tag=valid] ~ ~100 ~ tp @e[type=item,r=1] ~ ~-99.4 ~",
                  "execute @s[tag=valid] ~ ~ ~ scoreboard players remove @r[r=100,type=vatonage:storage_controller_entity,scores={vscharcoal=1..}] vscharcoal 1"
               ]
            }
         },
         "vatonage:chicken":{
            "run_command": {
               "command": [
                  "execute @r[type=vatonage:storage_controller_entity,r=100,scores={vschicken=1..}] ~ ~ ~ tag @r[r=100,type=vatonage:storage_checker] add valid",
                  "execute @s[tag=valid] ~ ~ ~ loot spawn ~ ~100 ~ loot \"vstorage/chicken\"",
                  "execute @s[tag=valid] ~ ~100 ~ tp @e[type=item,r=1] ~ ~-99.4 ~",
                  "execute @s[tag=valid] ~ ~ ~ scoreboard players remove @r[r=100,type=vatonage:storage_controller_entity,scores={vschicken=1..}] vschicken 1"
               ]
            }
         },
         "vatonage:chorus_fruit":{
            "run_command": {
               "command": [
                  "execute @r[type=vatonage:storage_controller_entity,r=100,scores={vschorus_fruit=1..}] ~ ~ ~ tag @r[r=100,type=vatonage:storage_checker] add valid",
                  "execute @s[tag=valid] ~ ~ ~ loot spawn ~ ~100 ~ loot \"vstorage/chorus_fruit\"",
                  "execute @s[tag=valid] ~ ~100 ~ tp @e[type=item,r=1] ~ ~-99.4 ~",
                  "execute @s[tag=valid] ~ ~ ~ scoreboard players remove @r[r=100,type=vatonage:storage_controller_entity,scores={vschorus_fruit=1..}] vschorus_fruit 1"
               ]
            }
         },
         "vatonage:clay_ball":{
            "run_command": {
               "command": [
                  "execute @r[type=vatonage:storage_controller_entity,r=100,scores={vsclay_ball=1..}] ~ ~ ~ tag @r[r=100,type=vatonage:storage_checker] add valid",
                  "execute @s[tag=valid] ~ ~ ~ loot spawn ~ ~100 ~ loot \"vstorage/clay_ball\"",
                  "execute @s[tag=valid] ~ ~100 ~ tp @e[type=item,r=1] ~ ~-99.4 ~",
                  "execute @s[tag=valid] ~ ~ ~ scoreboard players remove @r[r=100,type=vatonage:storage_controller_entity,scores={vsclay_ball=1..}] vsclay_ball 1"
               ]
            }
         },
         "vatonage:coal":{
            "run_command": {
               "command": [
                  "execute @r[type=vatonage:storage_controller_entity,r=100,scores={vscoal=1..}] ~ ~ ~ tag @r[r=100,type=vatonage:storage_checker] add valid",
                  "execute @s[tag=valid] ~ ~ ~ loot spawn ~ ~100 ~ loot \"vstorage/coal\"",
                  "execute @s[tag=valid] ~ ~100 ~ tp @e[type=item,r=1] ~ ~-99.4 ~",
                  "execute @s[tag=valid] ~ ~ ~ scoreboard players remove @r[r=100,type=vatonage:storage_controller_entity,scores={vscoal=1..}] vscoal 1"
               ]
            }
         },
         "vatonage:coal_block":{
            "run_command": {
               "command": [
                  "execute @r[type=vatonage:storage_controller_entity,r=100,scores={vscoal_block=1..}] ~ ~ ~ tag @r[r=100,type=vatonage:storage_checker] add valid",
                  "execute @s[tag=valid] ~ ~ ~ loot spawn ~ ~100 ~ loot \"vstorage/coal_block\"",
                  "execute @s[tag=valid] ~ ~100 ~ tp @e[type=item,r=1] ~ ~-99.4 ~",
                  "execute @s[tag=valid] ~ ~ ~ scoreboard players remove @r[r=100,type=vatonage:storage_controller_entity,scores={vscoal_block=1..}] vscoal_block 1"
               ]
            }
         },
         "vatonage:coal_ore":{
            "run_command": {
               "command": [
                  "execute @r[type=vatonage:storage_controller_entity,r=100,scores={vscoal_ore=1..}] ~ ~ ~ tag @r[r=100,type=vatonage:storage_checker] add valid",
                  "execute @s[tag=valid] ~ ~ ~ loot spawn ~ ~100 ~ loot \"vstorage/coal_ore\"",
                  "execute @s[tag=valid] ~ ~100 ~ tp @e[type=item,r=1] ~ ~-99.4 ~",
                  "execute @s[tag=valid] ~ ~ ~ scoreboard players remove @r[r=100,type=vatonage:storage_controller_entity,scores={vscoal_ore=1..}] vscoal_ore 1"
               ]
            }
         },
         "vatonage:cobblestone":{
            "run_command": {
               "command": [
                  "execute @r[type=vatonage:storage_controller_entity,r=100,scores={vscobblestone=1..}] ~ ~ ~ tag @r[r=100,type=vatonage:storage_checker] add valid",
                  "execute @s[tag=valid] ~ ~ ~ loot spawn ~ ~100 ~ loot \"vstorage/cobblestone\"",
                  "execute @s[tag=valid] ~ ~100 ~ tp @e[type=item,r=1] ~ ~-99.4 ~",
                  "execute @s[tag=valid] ~ ~ ~ scoreboard players remove @r[r=100,type=vatonage:storage_controller_entity,scores={vscobblestone=1..}] vscobblestone 1"
               ]
            }
         },
         "vatonage:cocoa_beans":{
            "run_command": {
               "command": [
                  "execute @r[type=vatonage:storage_controller_entity,r=100,scores={vscocoa_beans=1..}] ~ ~ ~ tag @r[r=100,type=vatonage:storage_checker] add valid",
                  "execute @s[tag=valid] ~ ~ ~ loot spawn ~ ~100 ~ loot \"vstorage/cocoa_beans\"",
                  "execute @s[tag=valid] ~ ~100 ~ tp @e[type=item,r=1] ~ ~-99.4 ~",
                  "execute @s[tag=valid] ~ ~ ~ scoreboard players remove @r[r=100,type=vatonage:storage_controller_entity,scores={vscocoa_beans=1..}] vscocoa_beans 1"
               ]
            }
         },
         "vatonage:cod":{
            "run_command": {
               "command": [
                  "execute @r[type=vatonage:storage_controller_entity,r=100,scores={vscod=1..}] ~ ~ ~ tag @r[r=100,type=vatonage:storage_checker] add valid",
                  "execute @s[tag=valid] ~ ~ ~ loot spawn ~ ~100 ~ loot \"vstorage/cod\"",
                  "execute @s[tag=valid] ~ ~100 ~ tp @e[type=item,r=1] ~ ~-99.4 ~",
                  "execute @s[tag=valid] ~ ~ ~ scoreboard players remove @r[r=100,type=vatonage:storage_controller_entity,scores={vscod=1..}] vscod 1"
               ]
            }
         },
         "vatonage:cooked_beef":{
            "run_command": {
               "command": [
                  "execute @r[type=vatonage:storage_controller_entity,r=100,scores={vscooked_beef=1..}] ~ ~ ~ tag @r[r=100,type=vatonage:storage_checker] add valid",
                  "execute @s[tag=valid] ~ ~ ~ loot spawn ~ ~100 ~ loot \"vstorage/cooked_beef\"",
                  "execute @s[tag=valid] ~ ~100 ~ tp @e[type=item,r=1] ~ ~-99.4 ~",
                  "execute @s[tag=valid] ~ ~ ~ scoreboard players remove @r[r=100,type=vatonage:storage_controller_entity,scores={vscooked_beef=1..}] vscooked_beef 1"
               ]
            }
         },
         "vatonage:cooked_chicken":{
            "run_command": {
               "command": [
                  "execute @r[type=vatonage:storage_controller_entity,r=100,scores={vscooked_chicken=1..}] ~ ~ ~ tag @r[r=100,type=vatonage:storage_checker] add valid",
                  "execute @s[tag=valid] ~ ~ ~ loot spawn ~ ~100 ~ loot \"vstorage/cooked_chicken\"",
                  "execute @s[tag=valid] ~ ~100 ~ tp @e[type=item,r=1] ~ ~-99.4 ~",
                  "execute @s[tag=valid] ~ ~ ~ scoreboard players remove @r[r=100,type=vatonage:storage_controller_entity,scores={vscooked_chicken=1..}] vscooked_chicken 1"
               ]
            }
         },
         "vatonage:cooked_cod":{
            "run_command": {
               "command": [
                  "execute @r[type=vatonage:storage_controller_entity,r=100,scores={vscooked_cod=1..}] ~ ~ ~ tag @r[r=100,type=vatonage:storage_checker] add valid",
                  "execute @s[tag=valid] ~ ~ ~ loot spawn ~ ~100 ~ loot \"vstorage/cooked_cod\"",
                  "execute @s[tag=valid] ~ ~100 ~ tp @e[type=item,r=1] ~ ~-99.4 ~",
                  "execute @s[tag=valid] ~ ~ ~ scoreboard players remove @r[r=100,type=vatonage:storage_controller_entity,scores={vscooked_cod=1..}] vscooked_cod 1"
               ]
            }
         },
         "vatonage:cooked_mutton":{
            "run_command": {
               "command": [
                  "execute @r[type=vatonage:storage_controller_entity,r=100,scores={vscooked_mutton=1..}] ~ ~ ~ tag @r[r=100,type=vatonage:storage_checker] add valid",
                  "execute @s[tag=valid] ~ ~ ~ loot spawn ~ ~100 ~ loot \"vstorage/cooked_mutton\"",
                  "execute @s[tag=valid] ~ ~100 ~ tp @e[type=item,r=1] ~ ~-99.4 ~",
                  "execute @s[tag=valid] ~ ~ ~ scoreboard players remove @r[r=100,type=vatonage:storage_controller_entity,scores={vscooked_mutton=1..}] vscooked_mutton 1"
               ]
            }
         },
         "vatonage:cooked_porkchop":{
            "run_command": {
               "command": [
                  "execute @r[type=vatonage:storage_controller_entity,r=100,scores={vscooked_pork=1..}] ~ ~ ~ tag @r[r=100,type=vatonage:storage_checker] add valid",
                  "execute @s[tag=valid] ~ ~ ~ loot spawn ~ ~100 ~ loot \"vstorage/cooked_porkchop\"",
                  "execute @s[tag=valid] ~ ~100 ~ tp @e[type=item,r=1] ~ ~-99.4 ~",
                  "execute @s[tag=valid] ~ ~ ~ scoreboard players remove @r[r=100,type=vatonage:storage_controller_entity,scores={vscooked_pork=1..}] vscooked_pork 1"
               ]
            }
         },
         "vatonage:cooked_rabbit":{
            "run_command": {
               "command": [
                  "execute @r[type=vatonage:storage_controller_entity,r=100,scores={vscooked_rabbit=1..}] ~ ~ ~ tag @r[r=100,type=vatonage:storage_checker] add valid",
                  "execute @s[tag=valid] ~ ~ ~ loot spawn ~ ~100 ~ loot \"vstorage/cooked_rabbit\"",
                  "execute @s[tag=valid] ~ ~100 ~ tp @e[type=item,r=1] ~ ~-99.4 ~",
                  "execute @s[tag=valid] ~ ~ ~ scoreboard players remove @r[r=100,type=vatonage:storage_controller_entity,scores={vscooked_rabbit=1..}] vscooked_rabbit 1"
               ]
            }
         },
         "vatonage:cooked_salmon":{
            "run_command": {
               "command": [
                  "execute @r[type=vatonage:storage_controller_entity,r=100,scores={vscooked_salmon=1..}] ~ ~ ~ tag @r[r=100,type=vatonage:storage_checker] add valid",
                  "execute @s[tag=valid] ~ ~ ~ loot spawn ~ ~100 ~ loot \"vstorage/cooked_salmon\"",
                  "execute @s[tag=valid] ~ ~100 ~ tp @e[type=item,r=1] ~ ~-99.4 ~",
                  "execute @s[tag=valid] ~ ~ ~ scoreboard players remove @r[r=100,type=vatonage:storage_controller_entity,scores={vscooked_salmon=1..}] vscooked_salmon 1"
               ]
            }
         },
         "vatonage:diamond":{
            "run_command": {
               "command": [
                  "execute @r[type=vatonage:storage_controller_entity,r=100,scores={vsdiamond=1..}] ~ ~ ~ tag @r[r=100,type=vatonage:storage_checker] add valid",
                  "execute @s[tag=valid] ~ ~ ~ loot spawn ~ ~100 ~ loot \"vstorage/diamond\"",
                  "execute @s[tag=valid] ~ ~100 ~ tp @e[type=item,r=1] ~ ~-99.4 ~",
                  "execute @s[tag=valid] ~ ~ ~ scoreboard players remove @r[r=100,type=vatonage:storage_controller_entity,scores={vsdiamond=1..}] vsdiamond 1"
               ]
            }
         },
         "vatonage:diamond_block":{
            "run_command": {
               "command": [
                  "execute @r[type=vatonage:storage_controller_entity,r=100,scores={vsdiamond_block=1..}] ~ ~ ~ tag @r[r=100,type=vatonage:storage_checker] add valid",
                  "execute @s[tag=valid] ~ ~ ~ loot spawn ~ ~100 ~ loot \"vstorage/diamond_block\"",
                  "execute @s[tag=valid] ~ ~100 ~ tp @e[type=item,r=1] ~ ~-99.4 ~",
                  "execute @s[tag=valid] ~ ~ ~ scoreboard players remove @r[r=100,type=vatonage:storage_controller_entity,scores={vsdiamond_block=1..}] vsdiamond_block 1"
               ]
            }
         },
         "vatonage:diamond_ore":{
            "run_command": {
               "command": [
                  "execute @r[type=vatonage:storage_controller_entity,r=100,scores={vsdiamond_ore=1..}] ~ ~ ~ tag @r[r=100,type=vatonage:storage_checker] add valid",
                  "execute @s[tag=valid] ~ ~ ~ loot spawn ~ ~100 ~ loot \"vstorage/diamond_ore\"",
                  "execute @s[tag=valid] ~ ~100 ~ tp @e[type=item,r=1] ~ ~-99.4 ~",
                  "execute @s[tag=valid] ~ ~ ~ scoreboard players remove @r[r=100,type=vatonage:storage_controller_entity,scores={vsdiamond_ore=1..}] vsdiamond_ore 1"
               ]
            }
         },
         "vatonage:dirt":{
            "run_command": {
               "command": [
                  "execute @r[type=vatonage:storage_controller_entity,r=100,scores={vsdirt=1..}] ~ ~ ~ tag @r[r=100,type=vatonage:storage_checker] add valid",
                  "execute @s[tag=valid] ~ ~ ~ loot spawn ~ ~100 ~ loot \"vstorage/dirt\"",
                  "execute @s[tag=valid] ~ ~100 ~ tp @e[type=item,r=1] ~ ~-99.4 ~",
                  "execute @s[tag=valid] ~ ~ ~ scoreboard players remove @r[r=100,type=vatonage:storage_controller_entity,scores={vsdirt=1..}] vsdirt 1"
               ]
            }
         },
         "vatonage:egg":{
            "run_command": {
               "command": [
                  "execute @r[type=vatonage:storage_controller_entity,r=100,scores={vsegg=1..}] ~ ~ ~ tag @r[r=100,type=vatonage:storage_checker] add valid",
                  "execute @s[tag=valid] ~ ~ ~ loot spawn ~ ~100 ~ loot \"vstorage/egg\"",
                  "execute @s[tag=valid] ~ ~100 ~ tp @e[type=item,r=1] ~ ~-99.4 ~",
                  "execute @s[tag=valid] ~ ~ ~ scoreboard players remove @r[r=100,type=vatonage:storage_controller_entity,scores={vsegg=1..}] vsegg 1"
               ]
            }
         },
         "vatonage:emerald":{
            "run_command": {
               "command": [
                  "execute @r[type=vatonage:storage_controller_entity,r=100,scores={vsemerald=1..}] ~ ~ ~ tag @r[r=100,type=vatonage:storage_checker] add valid",
                  "execute @s[tag=valid] ~ ~ ~ loot spawn ~ ~100 ~ loot \"vstorage/emerald\"",
                  "execute @s[tag=valid] ~ ~100 ~ tp @e[type=item,r=1] ~ ~-99.4 ~",
                  "execute @s[tag=valid] ~ ~ ~ scoreboard players remove @r[r=100,type=vatonage:storage_controller_entity,scores={vsemerald=1..}] vsemerald 1"
               ]
            }
         },
         "vatonage:emerald_ore":{
            "run_command": {
               "command": [
                  "execute @r[type=vatonage:storage_controller_entity,r=100,scores={vsemerald_ore=1..}] ~ ~ ~ tag @r[r=100,type=vatonage:storage_checker] add valid",
                  "execute @s[tag=valid] ~ ~ ~ loot spawn ~ ~100 ~ loot \"vstorage/emerald_ore\"",
                  "execute @s[tag=valid] ~ ~100 ~ tp @e[type=item,r=1] ~ ~-99.4 ~",
                  "execute @s[tag=valid] ~ ~ ~ scoreboard players remove @r[r=100,type=vatonage:storage_controller_entity,scores={vsemerald_ore=1..}] vsemerald_ore 1"
               ]
            }
         },
         "vatonage:emerald_block":{
            "run_command": {
               "command": [
                  "execute @r[type=vatonage:storage_controller_entity,r=100,scores={vsemerald_block=1..}] ~ ~ ~ tag @r[r=100,type=vatonage:storage_checker] add valid",
                  "execute @s[tag=valid] ~ ~ ~ loot spawn ~ ~100 ~ loot \"vstorage/emerald_block\"",
                  "execute @s[tag=valid] ~ ~100 ~ tp @e[type=item,r=1] ~ ~-99.4 ~",
                  "execute @s[tag=valid] ~ ~ ~ scoreboard players remove @r[r=100,type=vatonage:storage_controller_entity,scores={vsemerald_block=1..}] vsemerald_block 1"
               ]
            }
         },
         "vatonage:enchanted_golden_apple":{
            "run_command": {
               "command": [
                  "execute @r[type=vatonage:storage_controller_entity,r=100,scores={vsenchanted_golden_apple=1..}] ~ ~ ~ tag @r[r=100,type=vatonage:storage_checker] add valid",
                  "execute @s[tag=valid] ~ ~ ~ loot spawn ~ ~100 ~ loot \"vstorage/enchanted_golden_apple\"",
                  "execute @s[tag=valid] ~ ~100 ~ tp @e[type=item,r=1] ~ ~-99.4 ~",
                  "execute @s[tag=valid] ~ ~ ~ scoreboard players remove @r[r=100,type=vatonage:storage_controller_entity,scores={vsenchanted_golden_apple=1..}] vsenchanted_golden_apple 1"
               ]
            }
         },
         "vatonage:end_stone":{
            "run_command": {
               "command": [
                  "execute @r[type=vatonage:storage_controller_entity,r=100,scores={vsend_stone=1..}] ~ ~ ~ tag @r[r=100,type=vatonage:storage_checker] add valid",
                  "execute @s[tag=valid] ~ ~ ~ loot spawn ~ ~100 ~ loot \"vstorage/end_stone\"",
                  "execute @s[tag=valid] ~ ~100 ~ tp @e[type=item,r=1] ~ ~-99.4 ~",
                  "execute @s[tag=valid] ~ ~ ~ scoreboard players remove @r[r=100,type=vatonage:storage_controller_entity,scores={vsend_stone=1..}] vsend_stone 1"
               ]
            }
         },
         "vatonage:experience_bottle":{
            "run_command": {
               "command": [
                  "execute @r[type=vatonage:storage_controller_entity,r=100,scores={vsexperience_bottle=1..}] ~ ~ ~ tag @r[r=100,type=vatonage:storage_checker] add valid",
                  "execute @s[tag=valid] ~ ~ ~ loot spawn ~ ~100 ~ loot \"vstorage/experience_bottle\"",
                  "execute @s[tag=valid] ~ ~100 ~ tp @e[type=item,r=1] ~ ~-99.4 ~",
                  "execute @s[tag=valid] ~ ~ ~ scoreboard players remove @r[r=100,type=vatonage:storage_controller_entity,scores={vsexperience_bottle=1..}] vsexperience_bottle 1"
               ]
            }
         },
         "vatonage:feather":{
            "run_command": {
               "command": [
                  "execute @r[type=vatonage:storage_controller_entity,r=100,scores={vsfeather=1..}] ~ ~ ~ tag @r[r=100,type=vatonage:storage_checker] add valid",
                  "execute @s[tag=valid] ~ ~ ~ loot spawn ~ ~100 ~ loot \"vstorage/feather\"",
                  "execute @s[tag=valid] ~ ~100 ~ tp @e[type=item,r=1] ~ ~-99.4 ~",
                  "execute @s[tag=valid] ~ ~ ~ scoreboard players remove @r[r=100,type=vatonage:storage_controller_entity,scores={vsfeather=1..}] vsfeather 1"
               ]
            }
         },
         "vatonage:flint":{
            "run_command": {
               "command": [
                  "execute @r[type=vatonage:storage_controller_entity,r=100,scores={vsflint=1..}] ~ ~ ~ tag @r[r=100,type=vatonage:storage_checker] add valid",
                  "execute @s[tag=valid] ~ ~ ~ loot spawn ~ ~100 ~ loot \"vstorage/flint\"",
                  "execute @s[tag=valid] ~ ~100 ~ tp @e[type=item,r=1] ~ ~-99.4 ~",
                  "execute @s[tag=valid] ~ ~ ~ scoreboard players remove @r[r=100,type=vatonage:storage_controller_entity,scores={vsflint=1..}] vsflint 1"
               ]
            }
         },
         "vatonage:glass":{
            "run_command": {
               "command": [
                  "execute @r[type=vatonage:storage_controller_entity,r=100,scores={vsglass=1..}] ~ ~ ~ tag @r[r=100,type=vatonage:storage_checker] add valid",
                  "execute @s[tag=valid] ~ ~ ~ loot spawn ~ ~100 ~ loot \"vstorage/glass\"",
                  "execute @s[tag=valid] ~ ~100 ~ tp @e[type=item,r=1] ~ ~-99.4 ~",
                  "execute @s[tag=valid] ~ ~ ~ scoreboard players remove @r[r=100,type=vatonage:storage_controller_entity,scores={vsglass=1..}] vsglass 1"
               ]
            }
         },
         "vatonage:glowstone":{
            "run_command": {
               "command": [
                  "execute @r[type=vatonage:storage_controller_entity,r=100,scores={vsglowstone=1..}] ~ ~ ~ tag @r[r=100,type=vatonage:storage_checker] add valid",
                  "execute @s[tag=valid] ~ ~ ~ loot spawn ~ ~100 ~ loot \"vstorage/glowstone\"",
                  "execute @s[tag=valid] ~ ~100 ~ tp @e[type=item,r=1] ~ ~-99.4 ~",
                  "execute @s[tag=valid] ~ ~ ~ scoreboard players remove @r[r=100,type=vatonage:storage_controller_entity,scores={vsglowstone=1..}] vsglowstone 1"
               ]
            }
         },
         "vatonage:gold_block":{
            "run_command": {
               "command": [
                  "execute @r[type=vatonage:storage_controller_entity,r=100,scores={vsgold_block=1..}] ~ ~ ~ tag @r[r=100,type=vatonage:storage_checker] add valid",
                  "execute @s[tag=valid] ~ ~ ~ loot spawn ~ ~100 ~ loot \"vstorage/gold_block\"",
                  "execute @s[tag=valid] ~ ~100 ~ tp @e[type=item,r=1] ~ ~-99.4 ~",
                  "execute @s[tag=valid] ~ ~ ~ scoreboard players remove @r[r=100,type=vatonage:storage_controller_entity,scores={vsgold_block=1..}] vsgold_block 1"
               ]
            }
         },
         "vatonage:gold_ingot":{
            "run_command": {
               "command": [
                  "execute @r[type=vatonage:storage_controller_entity,r=100,scores={vsgold_ingot=1..}] ~ ~ ~ tag @r[r=100,type=vatonage:storage_checker] add valid",
                  "execute @s[tag=valid] ~ ~ ~ loot spawn ~ ~100 ~ loot \"vstorage/gold_ingot\"",
                  "execute @s[tag=valid] ~ ~100 ~ tp @e[type=item,r=1] ~ ~-99.4 ~",
                  "execute @s[tag=valid] ~ ~ ~ scoreboard players remove @r[r=100,type=vatonage:storage_controller_entity,scores={vsgold_ingot=1..}] vsgold_ingot 1"
               ]
            }
         },
         "vatonage:gold_nugget":{
            "run_command": {
               "command": [
                  "execute @r[type=vatonage:storage_controller_entity,r=100,scores={vsgold_nugget=1..}] ~ ~ ~ tag @r[r=100,type=vatonage:storage_checker] add valid",
                  "execute @s[tag=valid] ~ ~ ~ loot spawn ~ ~100 ~ loot \"vstorage/gold_nugget\"",
                  "execute @s[tag=valid] ~ ~100 ~ tp @e[type=item,r=1] ~ ~-99.4 ~",
                  "execute @s[tag=valid] ~ ~ ~ scoreboard players remove @r[r=100,type=vatonage:storage_controller_entity,scores={vsgold_nugget=1..}] vsgold_nugget 1"
               ]
            }
         },
         "vatonage:gold_ore":{
            "run_command": {
               "command": [
                  "execute @r[type=vatonage:storage_controller_entity,r=100,scores={vsgold_ore=1..}] ~ ~ ~ tag @r[r=100,type=vatonage:storage_checker] add valid",
                  "execute @s[tag=valid] ~ ~ ~ loot spawn ~ ~100 ~ loot \"vstorage/gold_ore\"",
                  "execute @s[tag=valid] ~ ~100 ~ tp @e[type=item,r=1] ~ ~-99.4 ~",
                  "execute @s[tag=valid] ~ ~ ~ scoreboard players remove @r[r=100,type=vatonage:storage_controller_entity,scores={vsgold_ore=1..}] vsgold_ore 1"
               ]
            }
         },
         "vatonage:golden_apple":{
            "run_command": {
               "command": [
                  "execute @r[type=vatonage:storage_controller_entity,r=100,scores={vsgolden_apple=1..}] ~ ~ ~ tag @r[r=100,type=vatonage:storage_checker] add valid",
                  "execute @s[tag=valid] ~ ~ ~ loot spawn ~ ~100 ~ loot \"vstorage/golden_apple\"",
                  "execute @s[tag=valid] ~ ~100 ~ tp @e[type=item,r=1] ~ ~-99.4 ~",
                  "execute @s[tag=valid] ~ ~ ~ scoreboard players remove @r[r=100,type=vatonage:storage_controller_entity,scores={vsgolden_apple=1..}] vsgolden_apple 1"
               ]
            }
         },
         "vatonage:golden_carrot":{
            "run_command": {
               "command": [
                  "execute @r[type=vatonage:storage_controller_entity,r=100,scores={vsgolden_carrot=1..}] ~ ~ ~ tag @r[r=100,type=vatonage:storage_checker] add valid",
                  "execute @s[tag=valid] ~ ~ ~ loot spawn ~ ~100 ~ loot \"vstorage/golden_carrot\"",
                  "execute @s[tag=valid] ~ ~100 ~ tp @e[type=item,r=1] ~ ~-99.4 ~",
                  "execute @s[tag=valid] ~ ~ ~ scoreboard players remove @r[r=100,type=vatonage:storage_controller_entity,scores={vsgolden_carrot=1..}] vsgolden_carrot 1"
               ]
            }
         },
         "vatonage:grass":{
            "run_command": {
               "command": [
                  "execute @r[type=vatonage:storage_controller_entity,r=100,scores={vsgrass=1..}] ~ ~ ~ tag @r[r=100,type=vatonage:storage_checker] add valid",
                  "execute @s[tag=valid] ~ ~ ~ loot spawn ~ ~100 ~ loot \"vstorage/grass\"",
                  "execute @s[tag=valid] ~ ~100 ~ tp @e[type=item,r=1] ~ ~-99.4 ~",
                  "execute @s[tag=valid] ~ ~ ~ scoreboard players remove @r[r=100,type=vatonage:storage_controller_entity,scores={vsgrass=1..}] vsgrass 1"
               ]
            }
         },
         "vatonage:gravel":{
            "run_command": {
               "command": [
                  "execute @r[type=vatonage:storage_controller_entity,r=100,scores={vsgravel=1..}] ~ ~ ~ tag @r[r=100,type=vatonage:storage_checker] add valid",
                  "execute @s[tag=valid] ~ ~ ~ loot spawn ~ ~100 ~ loot \"vstorage/gravel\"",
                  "execute @s[tag=valid] ~ ~100 ~ tp @e[type=item,r=1] ~ ~-99.4 ~",
                  "execute @s[tag=valid] ~ ~ ~ scoreboard players remove @r[r=100,type=vatonage:storage_controller_entity,scores={vsgravel=1..}] vsgravel 1"
               ]
            }
         },
         "vatonage:gunpowder":{
            "run_command": {
               "command": [
                  "execute @r[type=vatonage:storage_controller_entity,r=100,scores={vsgunpowder=1..}] ~ ~ ~ tag @r[r=100,type=vatonage:storage_checker] add valid",
                  "execute @s[tag=valid] ~ ~ ~ loot spawn ~ ~100 ~ loot \"vstorage/gunpowder\"",
                  "execute @s[tag=valid] ~ ~100 ~ tp @e[type=item,r=1] ~ ~-99.4 ~",
                  "execute @s[tag=valid] ~ ~ ~ scoreboard players remove @r[r=100,type=vatonage:storage_controller_entity,scores={vsgunpowder=1..}] vsgunpowder 1"
               ]
            }
         },
         "vatonage:hay_block":{
            "run_command": {
               "command": [
                  "execute @r[type=vatonage:storage_controller_entity,r=100,scores={vshay_block=1..}] ~ ~ ~ tag @r[r=100,type=vatonage:storage_checker] add valid",
                  "execute @s[tag=valid] ~ ~ ~ loot spawn ~ ~100 ~ loot \"vstorage/hay_block\"",
                  "execute @s[tag=valid] ~ ~100 ~ tp @e[type=item,r=1] ~ ~-99.4 ~",
                  "execute @s[tag=valid] ~ ~ ~ scoreboard players remove @r[r=100,type=vatonage:storage_controller_entity,scores={vshay_block=1..}] vshay_block 1"
               ]
            }
         },
         "vatonage:iron_block":{
            "run_command": {
               "command": [
                  "execute @r[type=vatonage:storage_controller_entity,r=100,scores={vsiron_block=1..}] ~ ~ ~ tag @r[r=100,type=vatonage:storage_checker] add valid",
                  "execute @s[tag=valid] ~ ~ ~ loot spawn ~ ~100 ~ loot \"vstorage/iron_block\"",
                  "execute @s[tag=valid] ~ ~100 ~ tp @e[type=item,r=1] ~ ~-99.4 ~",
                  "execute @s[tag=valid] ~ ~ ~ scoreboard players remove @r[r=100,type=vatonage:storage_controller_entity,scores={vsiron_block=1..}] vsiron_block 1"
               ]
            }
         },
         "vatonage:iron_ingot":{
            "run_command": {
               "command": [
                  "execute @r[type=vatonage:storage_controller_entity,r=100,scores={vsiron_ingot=1..}] ~ ~ ~ tag @r[r=100,type=vatonage:storage_checker] add valid",
                  "execute @s[tag=valid] ~ ~ ~ loot spawn ~ ~100 ~ loot \"vstorage/iron_ingot\"",
                  "execute @s[tag=valid] ~ ~100 ~ tp @e[type=item,r=1] ~ ~-99.4 ~",
                  "execute @s[tag=valid] ~ ~ ~ scoreboard players remove @r[r=100,type=vatonage:storage_controller_entity,scores={vsiron_ingot=1..}] vsiron_ingot 1"
               ]
            }
         },
         "vatonage:iron_nugget":{
            "run_command": {
               "command": [
                  "execute @r[type=vatonage:storage_controller_entity,r=100,scores={vsiron_nugget=1..}] ~ ~ ~ tag @r[r=100,type=vatonage:storage_checker] add valid",
                  "execute @s[tag=valid] ~ ~ ~ loot spawn ~ ~100 ~ loot \"vstorage/iron_nugget\"",
                  "execute @s[tag=valid] ~ ~100 ~ tp @e[type=item,r=1] ~ ~-99.4 ~",
                  "execute @s[tag=valid] ~ ~ ~ scoreboard players remove @r[r=100,type=vatonage:storage_controller_entity,scores={vsiron_nugget=1..}] vsiron_nugget 1"
               ]
            }
         },
         "vatonage:iron_ore":{
            "run_command": {
               "command": [
                  "execute @r[type=vatonage:storage_controller_entity,r=100,scores={vsiron_ore=1..}] ~ ~ ~ tag @r[r=100,type=vatonage:storage_checker] add valid",
                  "execute @s[tag=valid] ~ ~ ~ loot spawn ~ ~100 ~ loot \"vstorage/iron_ore\"",
                  "execute @s[tag=valid] ~ ~100 ~ tp @e[type=item,r=1] ~ ~-99.4 ~",
                  "execute @s[tag=valid] ~ ~ ~ scoreboard players remove @r[r=100,type=vatonage:storage_controller_entity,scores={vsiron_ore=1..}] vsiron_ore 1"
               ]
            }
         },
         "vatonage:kelp":{
            "run_command": {
               "command": [
                  "execute @r[type=vatonage:storage_controller_entity,r=100,scores={vskelp=1..}] ~ ~ ~ tag @r[r=100,type=vatonage:storage_checker] add valid",
                  "execute @s[tag=valid] ~ ~ ~ loot spawn ~ ~100 ~ loot \"vstorage/kelp\"",
                  "execute @s[tag=valid] ~ ~100 ~ tp @e[type=item,r=1] ~ ~-99.4 ~",
                  "execute @s[tag=valid] ~ ~ ~ scoreboard players remove @r[r=100,type=vatonage:storage_controller_entity,scores={vskelp=1..}] vskelp 1"
               ]
            }
         },
         "vatonage:lapis_block":{
            "run_command": {
               "command": [
                  "execute @r[type=vatonage:storage_controller_entity,r=100,scores={vslapis_block=1..}] ~ ~ ~ tag @r[r=100,type=vatonage:storage_checker] add valid",
                  "execute @s[tag=valid] ~ ~ ~ loot spawn ~ ~100 ~ loot \"vstorage/lapis_block\"",
                  "execute @s[tag=valid] ~ ~100 ~ tp @e[type=item,r=1] ~ ~-99.4 ~",
                  "execute @s[tag=valid] ~ ~ ~ scoreboard players remove @r[r=100,type=vatonage:storage_controller_entity,scores={vslapis_block=1..}] vslapis_block 1"
               ]
            }
         },
         "vatonage:lapis_lazuli":{
            "run_command": {
               "command": [
                  "execute @r[type=vatonage:storage_controller_entity,r=100,scores={vslapis_lazuli=1..}] ~ ~ ~ tag @r[r=100,type=vatonage:storage_checker] add valid",
                  "execute @s[tag=valid] ~ ~ ~ loot spawn ~ ~100 ~ loot \"vstorage/lapis_lazuli\"",
                  "execute @s[tag=valid] ~ ~100 ~ tp @e[type=item,r=1] ~ ~-99.4 ~",
                  "execute @s[tag=valid] ~ ~ ~ scoreboard players remove @r[r=100,type=vatonage:storage_controller_entity,scores={vslapis_lazuli=1..}] vslapis_lazuli 1"
               ]
            }
         },
         "vatonage:lapis_ore":{
            "run_command": {
               "command": [
                  "execute @r[type=vatonage:storage_controller_entity,r=100,scores={vslapis_ore=1..}] ~ ~ ~ tag @r[r=100,type=vatonage:storage_checker] add valid",
                  "execute @s[tag=valid] ~ ~ ~ loot spawn ~ ~100 ~ loot \"vstorage/lapis_ore\"",
                  "execute @s[tag=valid] ~ ~100 ~ tp @e[type=item,r=1] ~ ~-99.4 ~",
                  "execute @s[tag=valid] ~ ~ ~ scoreboard players remove @r[r=100,type=vatonage:storage_controller_entity,scores={vslapis_ore=1..}] vslapis_ore 1"
               ]
            }
         },
         "vatonage:leather":{
            "run_command": {
               "command": [
                  "execute @r[type=vatonage:storage_controller_entity,r=100,scores={vsleather=1..}] ~ ~ ~ tag @r[r=100,type=vatonage:storage_checker] add valid",
                  "execute @s[tag=valid] ~ ~ ~ loot spawn ~ ~100 ~ loot \"vstorage/leather\"",
                  "execute @s[tag=valid] ~ ~100 ~ tp @e[type=item,r=1] ~ ~-99.4 ~",
                  "execute @s[tag=valid] ~ ~ ~ scoreboard players remove @r[r=100,type=vatonage:storage_controller_entity,scores={vsleather=1..}] vsleather 1"
               ]
            }
         },
         "vatonage:lava_bucket":{
            "run_command": {
               "command": [
                  "execute @r[type=vatonage:storage_controller_entity,r=100,scores={vslava_bucket=1..}] ~ ~ ~ tag @r[r=100,type=vatonage:storage_checker] add valid",
                  "execute @s[tag=valid] ~ ~ ~ loot spawn ~ ~100 ~ loot \"vstorage/lava_bucket\"",
                  "execute @s[tag=valid] ~ ~100 ~ tp @e[type=item,r=1] ~ ~-99.4 ~",
                  "execute @s[tag=valid] ~ ~ ~ scoreboard players remove @r[r=100,type=vatonage:storage_controller_entity,scores={vslava_bucket=1..}] vslava_bucket 1"
               ]
            }
         },
         "vatonage:leaves":{
            "run_command": {
               "command": [
                  "execute @r[type=vatonage:storage_controller_entity,r=100,scores={vsleaves=1..}] ~ ~ ~ tag @r[r=100,type=vatonage:storage_checker] add valid",
                  "execute @s[tag=valid] ~ ~ ~ loot spawn ~ ~100 ~ loot \"vstorage/leaves\"",
                  "execute @s[tag=valid] ~ ~100 ~ tp @e[type=item,r=1] ~ ~-99.4 ~",
                  "execute @s[tag=valid] ~ ~ ~ scoreboard players remove @r[r=100,type=vatonage:storage_controller_entity,scores={vsleaves=1..}] vsleaves 1"
               ]
            }
         },
         "vatonage:log":{
            "run_command": {
               "command": [
                  "execute @r[type=vatonage:storage_controller_entity,r=100,scores={vslog=1..}] ~ ~ ~ tag @r[r=100,type=vatonage:storage_checker] add valid",
                  "execute @s[tag=valid] ~ ~ ~ loot spawn ~ ~100 ~ loot \"vstorage/log\"",
                  "execute @s[tag=valid] ~ ~100 ~ tp @e[type=item,r=1] ~ ~-99.4 ~",
                  "execute @s[tag=valid] ~ ~ ~ scoreboard players remove @r[r=100,type=vatonage:storage_controller_entity,scores={vslog=1..}] vslog 1"
               ]
            }
         },
         "vatonage:magma":{
            "run_command": {
               "command": [
                  "execute @r[type=vatonage:storage_controller_entity,r=100,scores={vsmagma=1..}] ~ ~ ~ tag @r[r=100,type=vatonage:storage_checker] add valid",
                  "execute @s[tag=valid] ~ ~ ~ loot spawn ~ ~100 ~ loot \"vstorage/magma\"",
                  "execute @s[tag=valid] ~ ~100 ~ tp @e[type=item,r=1] ~ ~-99.4 ~",
                  "execute @s[tag=valid] ~ ~ ~ scoreboard players remove @r[r=100,type=vatonage:storage_controller_entity,scores={vsmagma=1..}] vsmagma 1"
               ]
            }
         },
         "vatonage:melon_slice":{
            "run_command": {
               "command": [
                  "execute @r[type=vatonage:storage_controller_entity,r=100,scores={vsmelon_slice=1..}] ~ ~ ~ tag @r[r=100,type=vatonage:storage_checker] add valid",
                  "execute @s[tag=valid] ~ ~ ~ loot spawn ~ ~100 ~ loot \"vstorage/melon_slice\"",
                  "execute @s[tag=valid] ~ ~100 ~ tp @e[type=item,r=1] ~ ~-99.4 ~",
                  "execute @s[tag=valid] ~ ~ ~ scoreboard players remove @r[r=100,type=vatonage:storage_controller_entity,scores={vsmelon_slice=1..}] vsmelon_slice 1"
               ]
            }
         },
         "vatonage:mutton":{
            "run_command": {
               "command": [
                  "execute @r[type=vatonage:storage_controller_entity,r=100,scores={vsmutton=1..}] ~ ~ ~ tag @r[r=100,type=vatonage:storage_checker] add valid",
                  "execute @s[tag=valid] ~ ~ ~ loot spawn ~ ~100 ~ loot \"vstorage/mutton\"",
                  "execute @s[tag=valid] ~ ~100 ~ tp @e[type=item,r=1] ~ ~-99.4 ~",
                  "execute @s[tag=valid] ~ ~ ~ scoreboard players remove @r[r=100,type=vatonage:storage_controller_entity,scores={vsmutton=1..}] vsmutton 1"
               ]
            }
         },
         "vatonage:nether_wart":{
            "run_command": {
               "command": [
                  "execute @r[type=vatonage:storage_controller_entity,r=100,scores={vsnether_wart=1..}] ~ ~ ~ tag @r[r=100,type=vatonage:storage_checker] add valid",
                  "execute @s[tag=valid] ~ ~ ~ loot spawn ~ ~100 ~ loot \"vstorage/nether_wart\"",
                  "execute @s[tag=valid] ~ ~100 ~ tp @e[type=item,r=1] ~ ~-99.4 ~",
                  "execute @s[tag=valid] ~ ~ ~ scoreboard players remove @r[r=100,type=vatonage:storage_controller_entity,scores={vsnether_wart=1..}] vsnether_wart 1"
               ]
            }
         },
         "vatonage:netherite_block":{
            "run_command": {
               "command": [
                  "execute @r[type=vatonage:storage_controller_entity,r=100,scores={vsnether_block=1..}] ~ ~ ~ tag @r[r=100,type=vatonage:storage_checker] add valid",
                  "execute @s[tag=valid] ~ ~ ~ loot spawn ~ ~100 ~ loot \"vstorage/netherite_block\"",
                  "execute @s[tag=valid] ~ ~100 ~ tp @e[type=item,r=1] ~ ~-99.4 ~",
                  "execute @s[tag=valid] ~ ~ ~ scoreboard players remove @r[r=100,type=vatonage:storage_controller_entity,scores={vsnether_block=1..}] vsnether_block 1"
               ]
            }
         },
         "vatonage:netherite_ingot":{
            "run_command": {
               "command": [
                  "execute @r[type=vatonage:storage_controller_entity,r=100,scores={vsnether_ingot=1..}] ~ ~ ~ tag @r[r=100,type=vatonage:storage_checker] add valid",
                  "execute @s[tag=valid] ~ ~ ~ loot spawn ~ ~100 ~ loot \"vstorage/netherite_ingot\"",
                  "execute @s[tag=valid] ~ ~100 ~ tp @e[type=item,r=1] ~ ~-99.4 ~",
                  "execute @s[tag=valid] ~ ~ ~ scoreboard players remove @r[r=100,type=vatonage:storage_controller_entity,scores={vsnether_ingot=1..}] vsnether_ingot 1"
               ]
            }
         },
         "vatonage:netherite_scrap":{
            "run_command": {
               "command": [
                  "execute @r[type=vatonage:storage_controller_entity,r=100,scores={vsnether_scrap=1..}] ~ ~ ~ tag @r[r=100,type=vatonage:storage_checker] add valid",
                  "execute @s[tag=valid] ~ ~ ~ loot spawn ~ ~100 ~ loot \"vstorage/netherite_scrap\"",
                  "execute @s[tag=valid] ~ ~100 ~ tp @e[type=item,r=1] ~ ~-99.4 ~",
                  "execute @s[tag=valid] ~ ~ ~ scoreboard players remove @r[r=100,type=vatonage:storage_controller_entity,scores={vsnether_scrap=1..}] vsnether_scrap 1"
               ]
            }
         },
         "vatonage:netherrack":{
            "run_command": {
               "command": [
                  "execute @r[type=vatonage:storage_controller_entity,r=100,scores={vsnetherrack=1..}] ~ ~ ~ tag @r[r=100,type=vatonage:storage_checker] add valid",
                  "execute @s[tag=valid] ~ ~ ~ loot spawn ~ ~100 ~ loot \"vstorage/netherrack\"",
                  "execute @s[tag=valid] ~ ~100 ~ tp @e[type=item,r=1] ~ ~-99.4 ~",
                  "execute @s[tag=valid] ~ ~ ~ scoreboard players remove @r[r=100,type=vatonage:storage_controller_entity,scores={vsnetherrack=1..}] vsnetherrack 1"
               ]
            }
         },
         "vatonage:obsidian":{
            "run_command": {
               "command": [
                  "execute @r[type=vatonage:storage_controller_entity,r=100,scores={vsobsidian=1..}] ~ ~ ~ tag @r[r=100,type=vatonage:storage_checker] add valid",
                  "execute @s[tag=valid] ~ ~ ~ loot spawn ~ ~100 ~ loot \"vstorage/obsidian\"",
                  "execute @s[tag=valid] ~ ~100 ~ tp @e[type=item,r=1] ~ ~-99.4 ~",
                  "execute @s[tag=valid] ~ ~ ~ scoreboard players remove @r[r=100,type=vatonage:storage_controller_entity,scores={vsobsidian=1..}] vsobsidian 1"
               ]
            }
         },
         "vatonage:planks":{
            "run_command": {
               "command": [
                  "execute @r[type=vatonage:storage_controller_entity,r=100,scores={vsplanks=1..}] ~ ~ ~ tag @r[r=100,type=vatonage:storage_checker] add valid",
                  "execute @s[tag=valid] ~ ~ ~ loot spawn ~ ~100 ~ loot \"vstorage/planks\"",
                  "execute @s[tag=valid] ~ ~100 ~ tp @e[type=item,r=1] ~ ~-99.4 ~",
                  "execute @s[tag=valid] ~ ~ ~ scoreboard players remove @r[r=100,type=vatonage:storage_controller_entity,scores={vsplanks=1..}] vsplanks 1"
               ]
            }
         },
         "vatonage:quartz":{
            "run_command": {
               "command": [
                  "execute @r[type=vatonage:storage_controller_entity,r=100,scores={vsquartz=1..}] ~ ~ ~ tag @r[r=100,type=vatonage:storage_checker] add valid",
                  "execute @s[tag=valid] ~ ~ ~ loot spawn ~ ~100 ~ loot \"vstorage/quartz\"",
                  "execute @s[tag=valid] ~ ~100 ~ tp @e[type=item,r=1] ~ ~-99.4 ~",
                  "execute @s[tag=valid] ~ ~ ~ scoreboard players remove @r[r=100,type=vatonage:storage_controller_entity,scores={vsquartz=1..}] vsquartz 1"
               ]
            }
         },
         "vatonage:quartz_ore":{
            "run_command": {
               "command": [
                  "execute @r[type=vatonage:storage_controller_entity,r=100,scores={vsquartz_ore=1..}] ~ ~ ~ tag @r[r=100,type=vatonage:storage_checker] add valid",
                  "execute @s[tag=valid] ~ ~ ~ loot spawn ~ ~100 ~ loot \"vstorage/quartz_ore\"",
                  "execute @s[tag=valid] ~ ~100 ~ tp @e[type=item,r=1] ~ ~-99.4 ~",
                  "execute @s[tag=valid] ~ ~ ~ scoreboard players remove @r[r=100,type=vatonage:storage_controller_entity,scores={vsquartz_ore=1..}] vsquartz_ore 1"
               ]
            }
         },
         "vatonage:rabbit":{
            "run_command": {
               "command": [
                  "execute @r[type=vatonage:storage_controller_entity,r=100,scores={vsrabbit=1..}] ~ ~ ~ tag @r[r=100,type=vatonage:storage_checker] add valid",
                  "execute @s[tag=valid] ~ ~ ~ loot spawn ~ ~100 ~ loot \"vstorage/rabbit\"",
                  "execute @s[tag=valid] ~ ~100 ~ tp @e[type=item,r=1] ~ ~-99.4 ~",
                  "execute @s[tag=valid] ~ ~ ~ scoreboard players remove @r[r=100,type=vatonage:storage_controller_entity,scores={vsrabbit=1..}] vsrabbit 1"
               ]
            }
         },
         "vatonage:redstone":{
            "run_command": {
               "command": [
                  "execute @r[type=vatonage:storage_controller_entity,r=100,scores={vsredstone=1..}] ~ ~ ~ tag @r[r=100,type=vatonage:storage_checker] add valid",
                  "execute @s[tag=valid] ~ ~ ~ loot spawn ~ ~100 ~ loot \"vstorage/redstone\"",
                  "execute @s[tag=valid] ~ ~100 ~ tp @e[type=item,r=1] ~ ~-99.4 ~",
                  "execute @s[tag=valid] ~ ~ ~ scoreboard players remove @r[r=100,type=vatonage:storage_controller_entity,scores={vsredstone=1..}] vsredstone 1"
               ]
            }
         },
         "vatonage:redstone_block":{
            "run_command": {
               "command": [
                  "execute @r[type=vatonage:storage_controller_entity,r=100,scores={vsredstone_block=1..}] ~ ~ ~ tag @r[r=100,type=vatonage:storage_checker] add valid",
                  "execute @s[tag=valid] ~ ~ ~ loot spawn ~ ~100 ~ loot \"vstorage/redstone_block\"",
                  "execute @s[tag=valid] ~ ~100 ~ tp @e[type=item,r=1] ~ ~-99.4 ~",
                  "execute @s[tag=valid] ~ ~ ~ scoreboard players remove @r[r=100,type=vatonage:storage_controller_entity,scores={vsredstone_block=1..}] vsredstone_block 1"
               ]
            }
         },
         "vatonage:redstone_ore":{
            "run_command": {
               "command": [
                  "execute @r[type=vatonage:storage_controller_entity,r=100,scores={vsredstone_ore=1..}] ~ ~ ~ tag @r[r=100,type=vatonage:storage_checker] add valid",
                  "execute @s[tag=valid] ~ ~ ~ loot spawn ~ ~100 ~ loot \"vstorage/redstone_ore\"",
                  "execute @s[tag=valid] ~ ~100 ~ tp @e[type=item,r=1] ~ ~-99.4 ~",
                  "execute @s[tag=valid] ~ ~ ~ scoreboard players remove @r[r=100,type=vatonage:storage_controller_entity,scores={vsredstone_ore=1..}] vsredstone_ore 1"
               ]
            }
         },
         "vatonage:rotten_flesh":{
            "run_command": {
               "command": [
                  "execute @r[type=vatonage:storage_controller_entity,r=100,scores={vsrotten_flesh=1..}] ~ ~ ~ tag @r[r=100,type=vatonage:storage_checker] add valid",
                  "execute @s[tag=valid] ~ ~ ~ loot spawn ~ ~100 ~ loot \"vstorage/rotten_flesh\"",
                  "execute @s[tag=valid] ~ ~100 ~ tp @e[type=item,r=1] ~ ~-99.4 ~",
                  "execute @s[tag=valid] ~ ~ ~ scoreboard players remove @r[r=100,type=vatonage:storage_controller_entity,scores={vsrotten_flesh=1..}] vsrotten_flesh 1"
               ]
            }
         },
         "vatonage:salmon":{
            "run_command": {
               "command": [
                  "execute @r[type=vatonage:storage_controller_entity,r=100,scores={vssalmon=1..}] ~ ~ ~ tag @r[r=100,type=vatonage:storage_checker] add valid",
                  "execute @s[tag=valid] ~ ~ ~ loot spawn ~ ~100 ~ loot \"vstorage/salmon\"",
                  "execute @s[tag=valid] ~ ~100 ~ tp @e[type=item,r=1] ~ ~-99.4 ~",
                  "execute @s[tag=valid] ~ ~ ~ scoreboard players remove @r[r=100,type=vatonage:storage_controller_entity,scores={vssalmon=1..}] vssalmon 1"
               ]
            }
         },
         "vatonage:sand":{
            "run_command": {
               "command": [
                  "execute @r[type=vatonage:storage_controller_entity,r=100,scores={vssand=1..}] ~ ~ ~ tag @r[r=100,type=vatonage:storage_checker] add valid",
                  "execute @s[tag=valid] ~ ~ ~ loot spawn ~ ~100 ~ loot \"vstorage/sand\"",
                  "execute @s[tag=valid] ~ ~100 ~ tp @e[type=item,r=1] ~ ~-99.4 ~",
                  "execute @s[tag=valid] ~ ~ ~ scoreboard players remove @r[r=100,type=vatonage:storage_controller_entity,scores={vssand=1..}] vssand 1"
               ]
            }
         },
         "vatonage:sapling":{
            "run_command": {
               "command": [
                  "execute @r[type=vatonage:storage_controller_entity,r=100,scores={vssapling=1..}] ~ ~ ~ tag @r[r=100,type=vatonage:storage_checker] add valid",
                  "execute @s[tag=valid] ~ ~ ~ loot spawn ~ ~100 ~ loot \"vstorage/sapling\"",
                  "execute @s[tag=valid] ~ ~100 ~ tp @e[type=item,r=1] ~ ~-99.4 ~",
                  "execute @s[tag=valid] ~ ~ ~ scoreboard players remove @r[r=100,type=vatonage:storage_controller_entity,scores={vssapling=1..}] vssapling 1"
               ]
            }
         },
         "vatonage:scute":{
            "run_command": {
               "command": [
                  "execute @r[type=vatonage:storage_controller_entity,r=100,scores={vsscute=1..}] ~ ~ ~ tag @r[r=100,type=vatonage:storage_checker] add valid",
                  "execute @s[tag=valid] ~ ~ ~ loot spawn ~ ~100 ~ loot \"vstorage/scute\"",
                  "execute @s[tag=valid] ~ ~100 ~ tp @e[type=item,r=1] ~ ~-99.4 ~",
                  "execute @s[tag=valid] ~ ~ ~ scoreboard players remove @r[r=100,type=vatonage:storage_controller_entity,scores={vsscute=1..}] vsscute 1"
               ]
            }
         },
         "vatonage:shulker_shell":{
            "run_command": {
               "command": [
                  "execute @r[type=vatonage:storage_controller_entity,r=100,scores={vsshulker_shell=1..}] ~ ~ ~ tag @r[r=100,type=vatonage:storage_checker] add valid",
                  "execute @s[tag=valid] ~ ~ ~ loot spawn ~ ~100 ~ loot \"vstorage/shulker_shell\"",
                  "execute @s[tag=valid] ~ ~100 ~ tp @e[type=item,r=1] ~ ~-99.4 ~",
                  "execute @s[tag=valid] ~ ~ ~ scoreboard players remove @r[r=100,type=vatonage:storage_controller_entity,scores={vsshulker_shell=1..}] vsshulker_shell 1"
               ]
            }
         },
         "vatonage:slime_ball":{
            "run_command": {
               "command": [
                  "execute @r[type=vatonage:storage_controller_entity,r=100,scores={vsslime_ball=1..}] ~ ~ ~ tag @r[r=100,type=vatonage:storage_checker] add valid",
                  "execute @s[tag=valid] ~ ~ ~ loot spawn ~ ~100 ~ loot \"vstorage/slime_ball\"",
                  "execute @s[tag=valid] ~ ~100 ~ tp @e[type=item,r=1] ~ ~-99.4 ~",
                  "execute @s[tag=valid] ~ ~ ~ scoreboard players remove @r[r=100,type=vatonage:storage_controller_entity,scores={vsslime_ball=1..}] vsslime_ball 1"
               ]
            }
         },
         "vatonage:soul_sand":{
            "run_command": {
               "command": [
                  "execute @r[type=vatonage:storage_controller_entity,r=100,scores={vssoul_sand=1..}] ~ ~ ~ tag @r[r=100,type=vatonage:storage_checker] add valid",
                  "execute @s[tag=valid] ~ ~ ~ loot spawn ~ ~100 ~ loot \"vstorage/soul_sand\"",
                  "execute @s[tag=valid] ~ ~100 ~ tp @e[type=item,r=1] ~ ~-99.4 ~",
                  "execute @s[tag=valid] ~ ~ ~ scoreboard players remove @r[r=100,type=vatonage:storage_controller_entity,scores={vssoul_sand=1..}] vssoul_sand 1"
               ]
            }
         },
         "vatonage:soul_soil":{
            "run_command": {
               "command": [
                  "execute @r[type=vatonage:storage_controller_entity,r=100,scores={vssoul_soil=1..}] ~ ~ ~ tag @r[r=100,type=vatonage:storage_checker] add valid",
                  "execute @s[tag=valid] ~ ~ ~ loot spawn ~ ~100 ~ loot \"vstorage/soul_soil\"",
                  "execute @s[tag=valid] ~ ~100 ~ tp @e[type=item,r=1] ~ ~-99.4 ~",
                  "execute @s[tag=valid] ~ ~ ~ scoreboard players remove @r[r=100,type=vatonage:storage_controller_entity,scores={vssoul_soil=1..}] vssoul_soil 1"
               ]
            }
         },
         "vatonage:spider_eye":{
            "run_command": {
               "command": [
                  "execute @r[type=vatonage:storage_controller_entity,r=100,scores={vsspider_eye=1..}] ~ ~ ~ tag @r[r=100,type=vatonage:storage_checker] add valid",
                  "execute @s[tag=valid] ~ ~ ~ loot spawn ~ ~100 ~ loot \"vstorage/spider_eye\"",
                  "execute @s[tag=valid] ~ ~100 ~ tp @e[type=item,r=1] ~ ~-99.4 ~",
                  "execute @s[tag=valid] ~ ~ ~ scoreboard players remove @r[r=100,type=vatonage:storage_controller_entity,scores={vsspider_eye=1..}] vsspider_eye 1"
               ]
            }
         },
         "vatonage:stick":{
            "run_command": {
               "command": [
                  "execute @r[type=vatonage:storage_controller_entity,r=100,scores={vsstick=1..}] ~ ~ ~ tag @r[r=100,type=vatonage:storage_checker] add valid",
                  "execute @s[tag=valid] ~ ~ ~ loot spawn ~ ~100 ~ loot \"vstorage/stick\"",
                  "execute @s[tag=valid] ~ ~100 ~ tp @e[type=item,r=1] ~ ~-99.4 ~",
                  "execute @s[tag=valid] ~ ~ ~ scoreboard players remove @r[r=100,type=vatonage:storage_controller_entity,scores={vsstick=1..}] vsstick 1"
               ]
            }
         },
         "vatonage:stone":{
            "run_command": {
               "command": [
                  "execute @r[type=vatonage:storage_controller_entity,r=100,scores={vsstone=1..}] ~ ~ ~ tag @r[r=100,type=vatonage:storage_checker] add valid",
                  "execute @s[tag=valid] ~ ~ ~ loot spawn ~ ~100 ~ loot \"vstorage/stone\"",
                  "execute @s[tag=valid] ~ ~100 ~ tp @e[type=item,r=1] ~ ~-99.4 ~",
                  "execute @s[tag=valid] ~ ~ ~ scoreboard players remove @r[r=100,type=vatonage:storage_controller_entity,scores={vsstone=1..}] vsstone 1"
               ]
            }
         },
         "vatonage:string":{
            "run_command": {
               "command": [
                  "execute @r[type=vatonage:storage_controller_entity,r=100,scores={vsstring=1..}] ~ ~ ~ tag @r[r=100,type=vatonage:storage_checker] add valid",
                  "execute @s[tag=valid] ~ ~ ~ loot spawn ~ ~100 ~ loot \"vstorage/string\"",
                  "execute @s[tag=valid] ~ ~100 ~ tp @e[type=item,r=1] ~ ~-99.4 ~",
                  "execute @s[tag=valid] ~ ~ ~ scoreboard players remove @r[r=100,type=vatonage:storage_controller_entity,scores={vsstring=1..}] vsstring 1"
               ]
            }
         },
         "vatonage:sugar":{
            "run_command": {
               "command": [
                  "execute @r[type=vatonage:storage_controller_entity,r=100,scores={vssugar=1..}] ~ ~ ~ tag @r[r=100,type=vatonage:storage_checker] add valid",
                  "execute @s[tag=valid] ~ ~ ~ loot spawn ~ ~100 ~ loot \"vstorage/sugar\"",
                  "execute @s[tag=valid] ~ ~100 ~ tp @e[type=item,r=1] ~ ~-99.4 ~",
                  "execute @s[tag=valid] ~ ~ ~ scoreboard players remove @r[r=100,type=vatonage:storage_controller_entity,scores={vssugar=1..}] vssugar 1"
               ]
            }
         },
         "vatonage:sugar_cane":{
            "run_command": {
               "command": [
                  "execute @r[type=vatonage:storage_controller_entity,r=100,scores={vssugar_cane=1..}] ~ ~ ~ tag @r[r=100,type=vatonage:storage_checker] add valid",
                  "execute @s[tag=valid] ~ ~ ~ loot spawn ~ ~100 ~ loot \"vstorage/sugar_cane\"",
                  "execute @s[tag=valid] ~ ~100 ~ tp @e[type=item,r=1] ~ ~-99.4 ~",
                  "execute @s[tag=valid] ~ ~ ~ scoreboard players remove @r[r=100,type=vatonage:storage_controller_entity,scores={vssugar_cane=1..}] vssugar_cane 1"
               ]
            }
         },
         "vatonage:sweet_berries":{
            "run_command": {
               "command": [
                  "execute @r[type=vatonage:storage_controller_entity,r=100,scores={vssweet_berries=1..}] ~ ~ ~ tag @r[r=100,type=vatonage:storage_checker] add valid",
                  "execute @s[tag=valid] ~ ~ ~ loot spawn ~ ~100 ~ loot \"vstorage/sweet_berries\"",
                  "execute @s[tag=valid] ~ ~100 ~ tp @e[type=item,r=1] ~ ~-99.4 ~",
                  "execute @s[tag=valid] ~ ~ ~ scoreboard players remove @r[r=100,type=vatonage:storage_controller_entity,scores={vssweet_berries=1..}] vssweet_berries 1"
               ]
            }
         },
         "vatonage:tropical_fish":{
            "run_command": {
               "command": [
                  "execute @r[type=vatonage:storage_controller_entity,r=100,scores={vstropical_fish=1..}] ~ ~ ~ tag @r[r=100,type=vatonage:storage_checker] add valid",
                  "execute @s[tag=valid] ~ ~ ~ loot spawn ~ ~100 ~ loot \"vstorage/tropical_fish\"",
                  "execute @s[tag=valid] ~ ~100 ~ tp @e[type=item,r=1] ~ ~-99.4 ~",
                  "execute @s[tag=valid] ~ ~ ~ scoreboard players remove @r[r=100,type=vatonage:storage_controller_entity,scores={vstropical_fish=1..}] vstropical_fish 1"
               ]
            }
         },
         "vatonage:totem_of_undying":{
            "run_command": {
               "command": [
                  "execute @r[type=vatonage:storage_controller_entity,r=100,scores={vstotem=1..}] ~ ~ ~ tag @r[r=100,type=vatonage:storage_checker] add valid",
                  "execute @s[tag=valid] ~ ~ ~ loot spawn ~ ~100 ~ loot \"vstorage/totem_of_undying\"",
                  "execute @s[tag=valid] ~ ~100 ~ tp @e[type=item,r=1] ~ ~-99.4 ~",
                  "execute @s[tag=valid] ~ ~ ~ scoreboard players remove @r[r=100,type=vatonage:storage_controller_entity,scores={vstotem=1..}] vstotem 1"
               ]
            }
         },
         "vatonage:vine":{
            "run_command": {
               "command": [
                  "execute @r[type=vatonage:storage_controller_entity,r=100,scores={vsvine=1..}] ~ ~ ~ tag @r[r=100,type=vatonage:storage_checker] add valid",
                  "execute @s[tag=valid] ~ ~ ~ loot spawn ~ ~100 ~ loot \"vstorage/vine\"",
                  "execute @s[tag=valid] ~ ~100 ~ tp @e[type=item,r=1] ~ ~-99.4 ~",
                  "execute @s[tag=valid] ~ ~ ~ scoreboard players remove @r[r=100,type=vatonage:storage_controller_entity,scores={vsvine=1..}] vsvine 1"
               ]
            }
         },
         "vatonage:water_bucket":{
            "run_command": {
               "command": [
                  "execute @r[type=vatonage:storage_controller_entity,r=100,scores={vswater_bucket=1..}] ~ ~ ~ tag @r[r=100,type=vatonage:storage_checker] add valid",
                  "execute @s[tag=valid] ~ ~ ~ loot spawn ~ ~100 ~ loot \"vstorage/water_bucket\"",
                  "execute @s[tag=valid] ~ ~100 ~ tp @e[type=item,r=1] ~ ~-99.4 ~",
                  "execute @s[tag=valid] ~ ~ ~ scoreboard players remove @r[r=100,type=vatonage:storage_controller_entity,scores={vswater_bucket=1..}] vswater_bucket 1"
               ]
            }
         },
         "vatonage:wheat_seeds":{
            "run_command": {
               "command": [
                  "execute @r[type=vatonage:storage_controller_entity,r=100,scores={vswheat_seeds=1..}] ~ ~ ~ tag @r[r=100,type=vatonage:storage_checker] add valid",
                  "execute @s[tag=valid] ~ ~ ~ loot spawn ~ ~100 ~ loot \"vstorage/wheat_seeds\"",
                  "execute @s[tag=valid] ~ ~100 ~ tp @e[type=item,r=1] ~ ~-99.4 ~",
                  "execute @s[tag=valid] ~ ~ ~ scoreboard players remove @r[r=100,type=vatonage:storage_controller_entity,scores={vswheat_seeds=1..}] vswheat_seeds 1"
               ]
            }
         },
         "vatonage:wheat":{
            "run_command": {
               "command": [
                  "execute @r[type=vatonage:storage_controller_entity,r=100,scores={vswheat=1..}] ~ ~ ~ tag @r[r=100,type=vatonage:storage_checker] add valid",
                  "execute @s[tag=valid] ~ ~ ~ loot spawn ~ ~100 ~ loot \"vstorage/wheat\"",
                  "execute @s[tag=valid] ~ ~100 ~ tp @e[type=item,r=1] ~ ~-99.4 ~",
                  "execute @s[tag=valid] ~ ~ ~ scoreboard players remove @r[r=100,type=vatonage:storage_controller_entity,scores={vswheat=1..}] vswheat 1"
               ]
            }
         },
         "vatonage:wool":{
            "run_command": {
               "command": [
                  "execute @r[type=vatonage:storage_controller_entity,r=100,scores={vswool=1..}] ~ ~ ~ tag @r[r=100,type=vatonage:storage_checker] add valid",
                  "execute @s[tag=valid] ~ ~ ~ loot spawn ~ ~100 ~ loot \"vstorage/wool\"",
                  "execute @s[tag=valid] ~ ~100 ~ tp @e[type=item,r=1] ~ ~-99.4 ~",
                  "execute @s[tag=valid] ~ ~ ~ scoreboard players remove @r[r=100,type=vatonage:storage_controller_entity,scores={vswool=1..}] vswool 1"
               ]
            }
         },
         "vatonage:plastic":{
            "run_command": {
               "command": [
                  "execute @r[type=vatonage:storage_controller_entity,r=100,scores={vsplastic=1..}] ~ ~ ~ tag @r[r=100,type=vatonage:storage_checker] add valid",
                  "execute @s[tag=valid] ~ ~ ~ loot spawn ~ ~100 ~ loot \"vstorage/plastic\"",
                  "execute @s[tag=valid] ~ ~100 ~ tp @e[type=item,r=1] ~ ~-99.4 ~",
                  "execute @s[tag=valid] ~ ~ ~ scoreboard players remove @r[r=100,type=vatonage:storage_controller_entity,scores={vsplastic=1..}] vsplastic 1"
               ]
            }
         },
         "vatonage:diamond_nugget":{
            "run_command": {
               "command": [
                  "execute @r[type=vatonage:storage_controller_entity,r=100,scores={vsdiamond_nugget=1..}] ~ ~ ~ tag @r[r=100,type=vatonage:storage_checker] add valid",
                  "execute @s[tag=valid] ~ ~ ~ loot spawn ~ ~100 ~ loot \"vstorage/diamond_nugget\"",
                  "execute @s[tag=valid] ~ ~100 ~ tp @e[type=item,r=1] ~ ~-99.4 ~",
                  "execute @s[tag=valid] ~ ~ ~ scoreboard players remove @r[r=100,type=vatonage:storage_controller_entity,scores={vsdiamond_nugget=1..}] vsdiamond_nugget 1"
               ]
            }
         },
         "vatonage:emerald_nugget":{
            "run_command": {
               "command": [
                  "execute @r[type=vatonage:storage_controller_entity,r=100,scores={vsemerald_nugget=1..}] ~ ~ ~ tag @r[r=100,type=vatonage:storage_checker] add valid",
                  "execute @s[tag=valid] ~ ~ ~ loot spawn ~ ~100 ~ loot \"vstorage/emerald_nugget\"",
                  "execute @s[tag=valid] ~ ~100 ~ tp @e[type=item,r=1] ~ ~-99.4 ~",
                  "execute @s[tag=valid] ~ ~ ~ scoreboard players remove @r[r=100,type=vatonage:storage_controller_entity,scores={vsemerald_nugget=1..}] vsemerald_nugget 1"
               ]
            }
         },
         "vatonage:copper_ingot":{
            "run_command": {
               "command": [
                  "execute @r[type=vatonage:storage_controller_entity,r=100,scores={vscopper_ingot=1..}] ~ ~ ~ tag @r[r=100,type=vatonage:storage_checker] add valid",
                  "execute @s[tag=valid] ~ ~ ~ loot spawn ~ ~100 ~ loot \"vstorage/copper_ingot\"",
                  "execute @s[tag=valid] ~ ~100 ~ tp @e[type=item,r=1] ~ ~-99.4 ~",
                  "execute @s[tag=valid] ~ ~ ~ scoreboard players remove @r[r=100,type=vatonage:storage_controller_entity,scores={vscopper_ingot=1..}] vscopper_ingot 1"
               ]
            }
         },
         "vatonage:copper_block":{
            "run_command": {
               "command": [
                  "execute @r[type=vatonage:storage_controller_entity,r=100,scores={vscopper_block=1..}] ~ ~ ~ tag @r[r=100,type=vatonage:storage_checker] add valid",
                  "execute @s[tag=valid] ~ ~ ~ loot spawn ~ ~100 ~ loot \"vstorage/copper_block\"",
                  "execute @s[tag=valid] ~ ~100 ~ tp @e[type=item,r=1] ~ ~-99.4 ~",
                  "execute @s[tag=valid] ~ ~ ~ scoreboard players remove @r[r=100,type=vatonage:storage_controller_entity,scores={vscopper_block=1..}] vscopper_block 1"
               ]
            }
         },
         "vatonage:copper_ore":{
            "run_command": {
               "command": [
                  "execute @r[type=vatonage:storage_controller_entity,r=100,scores={vscopper_ore=1..}] ~ ~ ~ tag @r[r=100,type=vatonage:storage_checker] add valid",
                  "execute @s[tag=valid] ~ ~ ~ loot spawn ~ ~100 ~ loot \"vstorage/copper_ore\"",
                  "execute @s[tag=valid] ~ ~100 ~ tp @e[type=item,r=1] ~ ~-99.4 ~",
                  "execute @s[tag=valid] ~ ~ ~ scoreboard players remove @r[r=100,type=vatonage:storage_controller_entity,scores={vscopper_ore=1..}] vscopper_ore 1"
               ]
            }
         },
         "vatonage:amethyst_shard":{
            "run_command": {
               "command": [
                  "execute @r[type=vatonage:storage_controller_entity,r=100,scores={vsamethyst_shard=1..}] ~ ~ ~ tag @r[r=100,type=vatonage:storage_checker] add valid",
                  "execute @s[tag=valid] ~ ~ ~ loot spawn ~ ~100 ~ loot \"vstorage/amethyst_shard\"",
                  "execute @s[tag=valid] ~ ~100 ~ tp @e[type=item,r=1] ~ ~-99.4 ~",
                  "execute @s[tag=valid] ~ ~ ~ scoreboard players remove @r[r=100,type=vatonage:storage_controller_entity,scores={vsamethyst_shard=1..}] vsamethyst_shard 1"
               ]
            }
         },
         "vatonage:porkchop":{
            "run_command": {
               "command": [
                  "execute @r[type=vatonage:storage_controller_entity,r=100,scores={vsporkchop=1..}] ~ ~ ~ tag @r[r=100,type=vatonage:storage_checker] add valid",
                  "execute @s[tag=valid] ~ ~ ~ loot spawn ~ ~100 ~ loot \"vstorage/porkchop\"",
                  "execute @s[tag=valid] ~ ~100 ~ tp @e[type=item,r=1] ~ ~-99.4 ~",
                  "execute @s[tag=valid] ~ ~ ~ scoreboard players remove @r[r=100,type=vatonage:storage_controller_entity,scores={vsporkchop=1..}] vsporkchop 1"
               ]
            }
         },
         "vatonage:magma_cream":{
            "run_command": {
               "command": [
                  "execute @r[type=vatonage:storage_controller_entity,r=100,scores={vsmagma_cream=1..}] ~ ~ ~ tag @r[r=100,type=vatonage:storage_checker] add valid",
                  "execute @s[tag=valid] ~ ~ ~ loot spawn ~ ~100 ~ loot \"vstorage/magma_cream\"",
                  "execute @s[tag=valid] ~ ~100 ~ tp @e[type=item,r=1] ~ ~-99.4 ~",
                  "execute @s[tag=valid] ~ ~ ~ scoreboard players remove @r[r=100,type=vatonage:storage_controller_entity,scores={vsmagma_cream=1..}] vsmagma_cream 1"
               ]
            }
         },
         "vatonage:nether_gold_ore":{
            "run_command": {
               "command": [
                  "execute @r[type=vatonage:storage_controller_entity,r=100,scores={vsnether_gold=1..}] ~ ~ ~ tag @r[r=100,type=vatonage:storage_checker] add valid",
                  "execute @s[tag=valid] ~ ~ ~ loot spawn ~ ~100 ~ loot \"vstorage/nether_gold_ore\"",
                  "execute @s[tag=valid] ~ ~100 ~ tp @e[type=item,r=1] ~ ~-99.4 ~",
                  "execute @s[tag=valid] ~ ~ ~ scoreboard players remove @r[r=100,type=vatonage:storage_controller_entity,scores={vsnether_gold=1..}] vsnether_gold 1"
               ]
            }
         },
         "vatonage:nether_star":{
            "run_command": {
               "command": [
                  "execute @r[type=vatonage:storage_controller_entity,r=100,scores={vsnether_star=1..}] ~ ~ ~ tag @r[r=100,type=vatonage:storage_checker] add valid",
                  "execute @s[tag=valid] ~ ~ ~ loot spawn ~ ~100 ~ loot \"vstorage/nether_star\"",
                  "execute @s[tag=valid] ~ ~100 ~ tp @e[type=item,r=1] ~ ~-99.4 ~",
                  "execute @s[tag=valid] ~ ~ ~ scoreboard players remove @r[r=100,type=vatonage:storage_controller_entity,scores={vsnether_star=1..}] vsnether_star 1"
               ]
            }
         },
         "vatonage:nautilus_shell":{
            "run_command": {
               "command": [
                  "execute @r[type=vatonage:storage_controller_entity,r=100,scores={vsnautilus_shell=1..}] ~ ~ ~ tag @r[r=100,type=vatonage:storage_checker] add valid",
                  "execute @s[tag=valid] ~ ~ ~ loot spawn ~ ~100 ~ loot \"vstorage/nautilus_shell\"",
                  "execute @s[tag=valid] ~ ~100 ~ tp @e[type=item,r=1] ~ ~-99.4 ~",
                  "execute @s[tag=valid] ~ ~ ~ scoreboard players remove @r[r=100,type=vatonage:storage_controller_entity,scores={vsnautilus_shell=1..}] vsnautilus_shell 1"
               ]
            }
         },
         "vatonage:raw_gold":{
            "run_command": {
               "command": [
                  "execute @r[type=vatonage:storage_controller_entity,r=100,scores={vsraw_gold=1..}] ~ ~ ~ tag @r[r=100,type=vatonage:storage_checker] add valid",
                  "execute @s[tag=valid] ~ ~ ~ loot spawn ~ ~100 ~ loot \"vstorage/raw_gold\"",
                  "execute @s[tag=valid] ~ ~100 ~ tp @e[type=item,r=1] ~ ~-99.4 ~",
                  "execute @s[tag=valid] ~ ~ ~ scoreboard players remove @r[r=100,type=vatonage:storage_controller_entity,scores={vsraw_gold=1..}] vsraw_gold 1"
               ]
            }
         },
         "vatonage:raw_iron":{
            "run_command": {
               "command": [
                  "execute @r[type=vatonage:storage_controller_entity,r=100,scores={vsraw_iron=1..}] ~ ~ ~ tag @r[r=100,type=vatonage:storage_checker] add valid",
                  "execute @s[tag=valid] ~ ~ ~ loot spawn ~ ~100 ~ loot \"vstorage/raw_iron\"",
                  "execute @s[tag=valid] ~ ~100 ~ tp @e[type=item,r=1] ~ ~-99.4 ~",
                  "execute @s[tag=valid] ~ ~ ~ scoreboard players remove @r[r=100,type=vatonage:storage_controller_entity,scores={vsraw_iron=1..}] vsraw_iron 1"
               ]
            }
         },
         "vatonage:raw_copper":{
            "run_command": {
               "command": [
                  "execute @r[type=vatonage:storage_controller_entity,r=100,scores={vsraw_copper=1..}] ~ ~ ~ tag @r[r=100,type=vatonage:storage_checker] add valid",
                  "execute @s[tag=valid] ~ ~ ~ loot spawn ~ ~100 ~ loot \"vstorage/raw_copper\"",
                  "execute @s[tag=valid] ~ ~100 ~ tp @e[type=item,r=1] ~ ~-99.4 ~",
                  "execute @s[tag=valid] ~ ~ ~ scoreboard players remove @r[r=100,type=vatonage:storage_controller_entity,scores={vsraw_copper=1..}] vsraw_copper 1"
               ]
            }
         }
      },
      "components":{
         "minecraft:collision_box":{
            "width":0.2,
            "height":0.2
         },
         "minecraft:instant_despawn":{
         }
      }
   }
}