{
   "format_version":"1.17.0",
   "minecraft:entity":{
      "description":{
         "identifier":"vatonage:storage_controller_entity",
         "is_summonable":true,
         "is_spawnable":false
      },
      "component_groups":{
         "despawn":{
            "minecraft:instant_despawn":{
            }
         }
      },
      "components":{
         "minecraft:damage_sensor":{
            "triggers":{
               "deals_damage":false
            }
         },
         "minecraft:pushable":{
            "is_pushable":false,
            "is_pushable_by_piston":false
         },
         "minecraft:collision_box":{
            "width":0.2,
            "height":0.2
         },
         "minecraft:inside_block_notifier":{
            "block_list":[
               {
                  "block":{
                     "name":"minecraft:air"
                  },
                  "entered_block_event":{
                     "event":"dies"
                  }
               }
            ]
         }
      },
      "events":{
         "dies":{
            "add":{
               "component_groups":[
                  "despawn"
               ]
            }
         }
      }
   }
}